:020000040800F2
:1000000000300020F1190008C5180008CD180008BC
:10001000D5180008DD180008E518000800000000E9
:1000200000000000000000000000000021AB0008FC
:10003000ED1800080000000071AD0008D9AD0008FF
:10004000411A0008411A0008411A0008411A000824
:10005000411A0008411A0008411A0008411A000814
:10006000411A0008411A0008411A0008FD1800084A
:1000700011190008411A0008411A0008411A000825
:10008000411A0008411A0008251900084119000802
:1000900055190008691900087D190008411A00085F
:1000A000411A0008411A0008411A0008411A0008C4
:1000B000411A0008411A00080000000091190008C8
:1000C000A51900080000000000000000411A000807
:1000D00000000000411A0008411A0008411A0008F7
:1000E000411A0008411A000800000000000000004A
:1000F0000000000000000000000000000000000000
:1001000000000000000000000000000000000000EF
:100110000000000000000000B9190008411A0008A2
:1001200000000000000000000000000000000000CF
:1001300000000000000000000000000000000000BF
:10014000411A0008411A000800000000411A000886
:10015000411A0008411A0008411A0008411A000813
:10016000411A0008411A00080000000000000000C9
:10017000000000000000000000000000000000007F
:0801800000000000411A000814
:1001900010B5054C237833B9044B13B10448AFF3C1
:1001A00000800123237010BD6400002000000000C7
:1001B0008CB4000808B5034B1BB103490348AFF3E7
:1001C000008008BD00000000680000208CB400081A
:1001D00080B582B000AF7860786804F046FA78683D
:1001E00004F0A8F900BF0837BD4680BD80B483B0D5
:1001F00000AF00237B6017E000233B600EE00F4957
:100200007A681346DB009B1A5B003A6813444FF68A
:10021000FF7221F813203B6801333B603B680D2BD4
:10022000EDD97B6801337B607B68032BE4D900BF89
:1002300000BF0C37BD465DF8047B7047BC02002050
:1002400080B584B000AF03460A46FB711346BB80FD
:100250000023FB600AE01021094804F051F9BB8833
:10026000184608F061F9FB680133FB60FB795B001D
:10027000FA689A42EFDB00BF00BF1037BD4680BD71
:100280000004004880B483B000AF786039607B68B8
:100290001B78DB09DBB203F00103D9B23A681378AB
:1002A00061F3000313707B681B7803F07F03D9B2FE
:1002B0003A68137861F3470313707B685A783B6898
:1002C0005A707B6802331B781B021AB27B680333B7
:1002D0001B781BB213431BB29AB23B685A8000BF13
:1002E0000C37BD465DF8047B704780B584B000AF25
:1002F000F860B9607A60FB689B0E03F00703D9B21F
:100300007A68137861F302031370FB685B0E03F0E5
:100310000103D9B27A68137861F3C3031370FB68E1
:100320001B0E03F00103D9B27A68137861F304134A
:100330001370FB681B0CDAB27B685A70FB681B0AEF
:10034000DAB27B689A70FB68DAB27B68DA70FB68B5
:100350001B0AC3F311027B6891B20020014399800C
:10036000120C02F0030202F003009A7922F0030259
:10037000114602460A439A717B6807330822B9681E
:1003800018460BF01FF800BF1037BD4680BD0000B7
:1003900090B583B000AF34493448FFF773FF4FF690
:1003A000FF73FB80304B1B7803F00103DBB2002BA3
:1003B00011D02D4B1B78C3F34603DBB219462A4BF1
:1003C0005B7818462A4A0B46DB005B1A5B00034445
:1003D00032F81330FB80244B1B7803F00103DBB2AF
:1003E000002B25D1204B1B78C3F34603DBB2194603
:1003F0001D4B5B781C461C4B58881D4A0B46DB0086
:100400005B1A5B002344014622F81310164B1B783D
:10041000C3F34603DBB21946134B5B781846144A04
:100420000B46DB005B1A5B00034432F81330FB80A1
:100430000E4B1A780F4B1A700C4B5A780D4B5A70A2
:10044000FB881B0A9BB2DAB20A4B9A70FB88DAB2BD
:10045000084BDA7004220749074804F035F900BF59
:100460000C37BD4690BD00BF340300203003002090
:10047000BC0200202C030020D001002090B585B0E4
:1004800000AF3C4684E80F007B68C3F311034FF6CE
:10049000D862934219D07B78EF2B04D1BB781846F1
:1004A00000F08AF911E07B78EC2B07D1FB79112B56
:1004B0000BD1BB78184600F059F806E07B78EA2BA0
:1004C00003D1BB78184600F005F800BF1437BD46CD
:1004D00090BD000080B582B000AF0346FB71FA7991
:1004E0001C4B13431A461C4B5A601B4B04229A6048
:1004F000194B0022DA60184B08221A61164B0022B1
:100500001A75164B10221A70144B16225A70134B80
:1005100000229A70114B0422DA70104BFF221A71DC
:100520000E4B80225A710D4BFF229A710B4B002209
:10053000DA710B4B094A08490A4802F022FE0346C9
:10054000002B02D0084B03221A7000BF0837BD46AB
:1005500080BD00BF0031EC1C580300207003002058
:1005600078030020A80100200000002080B58AB098
:1005700000AF0346FB71FB794B33DBB29B0087F87E
:10058000273097F82730844A2A3332F813303B62F9
:1005900097F827300133804A2A3332F81330FB6151
:1005A00097F8273002337C4A2A3332F81330BB6184
:1005B00097F827300333784A2A3332F813307B61B7
:1005C0006423FB74754BFB60FA79754B13431A4631
:1005D000744B5A60734B04229A60724B0022DA60AB
:1005E000704B08221A616F4B00221A756E4B012264
:1005F0001A706D4B22225A706B4AFB7C9370FB6819
:10060000DAB2694BDA70FB681B12DAB2664B1A7108
:10061000FB681B14DAB2644B5A71FB681B0EDAB22A
:10062000614B9A713B6ADAB25F4BDA715F4B5E4A9B
:100630005C495F4802F0A5FD0346002B02D05D4BEC
:1006400003221A70584B02221A703B6A1B12DAB24C
:10065000554B5A703B6A1B14DAB2534B9A703B6A83
:100660001B0EDAB2504BDA70FB69DAB24E4B1A71DC
:10067000FB691B12DAB24C4B5A71FB691B14DAB2DC
:10068000494B9A71FB691B0EDAB2474BDA7100BF16
:10069000464B1B681946464802F043FE0346012BB1
:1006A000F6D0424B404A3F49414802F06AFD0346BA
:1006B000002B02D03F4B03221A703B4B03221A70CF
:1006C000BB69DAB2384B5A70BB691B12DAB2364BCF
:1006D0009A70BB691B14DAB2334BDA70BB691B0E1C
:1006E000DAB2314B1A717B69DAB22F4B5A717B69DE
:1006F0001B12DAB22C4B9A717B691B14DAB22A4BAB
:10070000DA7100BF294B1B681946294802F009FE1F
:100710000346012BF6D0254B234A2249244802F0F8
:1007200030FD0346002B02D0224B03221A701E4BD1
:1007300004221A707B691B0EDAB21B4B5A701A4BDB
:10074000FF229A70184BFF22DA70174BFF221A71A2
:10075000154BFF225A71144BFF229A71124BFF2244
:10076000DA7100BF114B1B681946114802F0D9FD20
:100770000346012BF6D00D4B0B4A0A490C4802F0F8
:1007800000FD0346002B02D00A4B03221A7000BF63
:100790002837BD4680BD00BFBC020020F0490200E2
:1007A0000031EB1C58030020700300207803002068
:1007B000A80100200000002080B582B000AF0346F1
:1007C000FB71FA791C4B13431A461C4B5A601B4BA6
:1007D00004229A60194B0022DA60184B08221A6131
:1007E000164B00221A75164B01221A70144B0F2259
:1007F0005A70134BFF229A70114BFF22DA70104B84
:10080000FF221A710E4BFF225A710D4BFF229A7173
:100810000B4BFF22DA710B4B094A08490A4802F0D8
:10082000B0FC0346002B02D0084B03221A7000BF15
:100830000837BD4680BD00BF0031EF1858030020C7
:100840007003002078030020A80100200000002091
:1008500080B582B000AF0346FB71FA791C4B13439D
:100860001A461C4B5A601B4B04229A60194B0022FB
:10087000DA60184B08221A61164B00221A75164BC3
:10088000FE221A70144B2A225A70134B60229A705F
:10089000114B4922DA70104B00221A710E4B87223D
:1008A0005A710D4B22229A710B4BA022DA710B4B1D
:1008B000094A08490A4802F064FC0346002B02D0AA
:1008C000084B03221A7000BF0837BD4680BD00BF29
:1008D00000FFEE185803002070030020780300206A
:1008E000A80100200000002080B483B000AF786031
:1008F0007B68094A934202D1084B01221A607B6847
:10090000074A934202D1074B02221A6000BF0C37FC
:10091000BD465DF8047B7047800000205003002036
:10092000D00000205403002080B582B000AF786072
:100930007B68044A934201D1FFF72AFD00BF0837C4
:10094000BD4680BDD001002080B582B000AF786088
:100950007B68064A934204D104220549034803F008
:1009600021FF00BF0837BD4680BD00BFD001002079
:100970003003002080B582B000AF78607B68064A03
:10098000934205D1054B02221A707868FFF720FCCC
:1009900000BF0837BD4680BDD00100200000002008
:1009A00080B590B000AF786007F11C0307F1240216
:1009B0000021786802F0D9FC0346002B02D00E4BD0
:1009C00003221A70BB6A07F10C0207F11C011846DA
:1009D000FFF78BFC094B186807F10C01002300227C
:1009E00007F056FE0346002B02D0034B04221A7078
:1009F00000BF4037BD4680BD00000020B802002087
:100A000080B500AF01F01EF800F04AF800F01CFBC2
:100A100000F0F4FA00F082FA00F0C0FA00F09EF85C
:100A200000F048F900F0D4F907F06CFC114A1021ED
:100A3000102007F0A7FD03460F4A13600F4A00215C
:100A40000F4807F0C7FC03460E4A13600E4A002108
:100A50000E4807F0BFFC03460D4A13600D4A002103
:100A60000D4807F0B7FC03460C4A136007F07EFC04
:100A700000BFFDE75CB50008B8020020F0B4000834
:100A8000F5100008AC02002014B500082911000878
:100A9000B002002038B5000835120008B40200206A
:100AA00080B596B000AF07F1300328220021184628
:100AB0000AF004FC07F11C0300221A605A609A60D5
:100AC000DA601A613B4600221A605A609A60DA6066
:100AD0001A615A619A6102233B6301233B6410232C
:100AE0007B640223FB6400233B654FF400237B659A
:100AF00007F13003184605F015FA0346002B01D024
:100B000000F0DCFB0F23FB6100233B6200237B62D0
:100B10000023BB620023FB6207F11C03002118467F
:100B200006F03EFA0346002B01D000F0C7FBA123DC
:100B30003B600023BB604FF480733B610023FB608C
:100B40003B46184606F07EFC0346002B01D000F021
:100B5000B5FB00BF5837BD4680BD000080B58AB0E8
:100B600000AF07F11C0300221A605A609A603B1D17
:100B700000221A605A609A60DA601A615A614C4B1E
:100B80004FF0A0421A604A4B00225A60484B0022A4
:100B90009A60474B01221A61454B00225A76444B1A
:100BA000002283F82020424B0022DA62404B0122CF
:100BB0009A623F4B0022DA603D4B0622DA613C4BE1
:100BC000002283F830203A4B04225A61384B00222D
:100BD0001A76374B00225A63354800F087FF0346E8
:100BE000002B01D000F06AFB0023FB6107F11C031E
:100BF00019462F4801F0C6FE0346002B01D000F035
:100C00005DFB01237B600123BB6000233B6100236C
:100C1000FB6000237B610023BB613B1D1946244818
:100C200001F0F2FB0346002B01D000F047FB02234A
:100C3000BB603B1D19461E4801F0E6FB0346002B36
:100C400001D000F03BFB0323BB603B1D1946184855
:100C500001F0DAFB0346002B01D000F02FFB042348
:100C6000BB603B1D1946124801F0CEFB0346002B2A
:100C700001D000F023FB0523BB603B1D19460C4847
:100C800001F0C2FB0346002B01D000F017FB062346
:100C9000BB603B1D1946064801F0B6FB0346002B1E
:100CA00001D000F00BFB00BF2837BD4680BD00BF60
:100CB0008000002080B586B000AF3B4600221A605D
:100CC0005A609A60DA601A615A613F4B3F4A1A6073
:100CD0003D4B00225A603C4B00229A603A4B012265
:100CE0001A61394B00225A76374B002283F82020B4
:100CF000354B0022DA62344B01229A62324B0022D9
:100D0000DA60314B0522DA612F4B002283F8302064
:100D10002D4B04225A612C4B00221A762A4B0022BA
:100D20005A63294800F0E2FE0346002B01D000F090
:100D3000C5FA01233B6001237B600023FB60002395
:100D4000BB6000233B6100237B613B4619461E4884
:100D500001F05AFB0346002B01D000F0AFFA02234A
:100D60007B603B461946184801F04EFB0346002BBA
:100D700001D000F0A3FA03237B603B4619461248DA
:100D800001F042FB0346002B01D000F097FA042348
:100D90007B603B4619460C4801F036FB0346002BAE
:100DA00001D000F08BFA05237B603B4619460648CC
:100DB00001F02AFB0346002B01D000F07FFA00BFB0
:100DC0001837BD4680BD00BFD00000200001005094
:100DD00080B59EB000AF4E4B4E4A1A604C4B02227B
:100DE0005A604B4B00229A60494B0022DA60484B14
:100DF0004FF4C0221A61464B4FF4E0025A61444B53
:100E000000221A76424B00225A76414B00229A76F3
:100E10003F4B0022DA763E4B00221A773C4B0022F1
:100E20005A773B4801F0A4FF0346002B01D000F0A5
:100E300045FA00237B660023BB660123FB664CF268
:100E400055733B654BF288137B654FF6FF73BB65AB
:100E50004FF40043FB6500233B6601233B670123FE
:100E6000FB6300233B6401237B644EF26573BB622A
:100E70004BF28813FB624FF6FF733B634FF4004362
:100E80007B630023BB630123BB6402237B610023DC
:100E9000BB610123FB614CF27D733B604BF2881315
:100EA0007B604FF6FF73BB604FF40043FB60002391
:100EB0003B6101233B6207F150031946144802F0DD
:100EC00052F80346002B04D0134B03221A7000F093
:100ED000F5F907F1280319460D4802F044F80346D6
:100EE000002B04D00C4B03221A7000F0E7F93B46AC
:100EF0001946074802F037F80346002B04D0064B8A
:100F000003221A7000F0DAF900BF7837BD4680BDC1
:100F1000A8010020006400400000002080B500AF60
:100F20001B4B1C4A1A601A4B1B4A5A60184B202252
:100F30009A60174B0122DA60154B00221A61144B9C
:100F400000225A61124B00229A61114B0022DA6191
:100F50000F4B00221A620E4803F0ECFA0346002BF6
:100F600001D000F0ABF90021094804F043FF03462B
:100F7000002B01D000F0A2F90021054804F085FF04
:100F80000346002B01D000F099F900BF80BD00BFDF
:100F9000D0010020005400402B1D200080B500AF80
:100FA000144B154A1A60134B4FF416425A60114BFA
:100FB00000229A600F4B0022DA600E4B00221A6169
:100FC0000C4B0C225A610B4B00229A61094B0022F8
:100FD000DA61084B00221A62064B00225A62054869
:100FE00006F0F0FD0346002B01D000F067F900BFCA
:100FF00080BD00BF240200200038014080B582B0CF
:1010000000AF104B5B690F4A43F0010353610D4B76
:101010005B6903F001037B607B68002205210B20E4
:1010200002F0F6FD0B2002F00FFE002205210C203D
:1010300002F0EEFD0C2002F007FE00BF0837BD46AF
:1010400080BD00BF0010024080B58AB000AF07F13C
:10105000140300221A605A609A60DA601A61234B06
:101060005B69224A43F400235361204B5B6903F41C
:1010700000233B613B691D4B5B691C4A43F48003C1
:1010800053611A4B5B6903F48003FB60FB68174BE9
:101090005B69164A43F400335361144B5B6903F4F4
:1010A0000033BB60BB68114B5B69104A43F480237B
:1010B00053610E4B5B6903F480237B607B680022E5
:1010C00030210B4803F004FA30237B610123BB611C
:1010D0000023FB6100233B6207F114031946044817
:1010E00002F0B0FF00BF2837BD4680BD00100240AF
:1010F0000004004880B582B000AF7860084B1B78D0
:101100001A46084BA3F87020054B1B78642118463B
:10111000FFF796F84FF47A7007F006FA00BFEDE794
:1011200000000020BC02002080B582B000AF7860D3
:10113000FFF75CF806231A463649374800F068FE88
:101140000346002B01D000F0B9F805231A463349B5
:10115000334800F05DFE0346002B01D000F0AEF8EE
:1011600000BF304B1B68002B03D12F4B1B68002B9B
:10117000F7D02C4B00221A602B4B00221A60254B13
:101180001B889AB2294B1A87224B5B889AB2274B4D
:101190005A87204B9B889AB2244B9A871D4BDB8839
:1011A0009AB2224BDA871B4B1B899AB21F4BA3F8CA
:1011B0004820184B5B899AB21C4BA3F84A20174B66
:1011C0001B889AB2194BA3F84020144B5B889AB243
:1011D000164BA3F84220114B9B889AB2134BA3F8ED
:1011E00044200E4BDB889AB2104BA3F846200B4BE1
:1011F0001B899AB20D4BA3F84C200C4B5B88DBB2D9
:101200001A4620210A4803F063F94FF4967007F05C
:101210008BF98FE738030020800000204403002072
:10122000D00000205003002054030020BC02002006
:101230000004004880B586B000AF786004221249EF
:10124000124803F0AFFA124801F057FF022110488C
:1012500002F0ADF9B520FFF7FBFAB620FFF7F8FA78
:101260000C4B186807F108010023002207F084FAEC
:101270000346002B04D107F108030FCBFFF7FEF85C
:10128000012007F051F9EBE730030020D0010020E6
:10129000A8010020B802002080B582B000AF7860BD
:1012A0007B681B68044A934201D100F0E1FB00BF58
:1012B0000837BD4680BD00BF0010004080B400AFBD
:1012C00072B600BF00BFFDE780B582B000AF114B22
:1012D0009B69104A43F0010393610E4B9B6903F035
:1012E00001037B607B680B4BDB690A4A43F0805348
:1012F000D361084BDB6903F080533B603B680022FD
:101300000F216FF0010002F083FC00BF0837BD46DB
:1013100080BD00BF0010024080B58EB000AF786085
:1013200007F1240300221A605A609A60DA601A6199
:101330007B681B68B3F1A04F76D17B4B1B680133F0
:10134000794A1360784B1B68012B0BD1774B5B6993
:10135000764A43F080535361744B5B6903F08053CA
:101360003B623B6A714B5B69704A43F400335361E3
:101370006E4B5B6903F40033FB61FB696B4B5B698C
:101380006A4A43F480235361684B5B6903F480230A
:10139000BB61BB690F237B620323BB620023FB623B
:1013A00007F1240319464FF0904002F04BFE03234F
:1013B0007B620323BB620023FB6207F1240319460F
:1013C0005B4802F03FFE5B4B5B4A1A60594B0022C0
:1013D0005A60584B00229A60564B8022DA60554B77
:1013E0004FF480721A61534B4FF480625A61514B33
:1013F00000229A614F4B0022DA614E4802F040FC15
:101400000346002B01D0FFF759FF7B68494A9A63D6
:10141000484A7B68536200220521122002F0F8FB43
:10142000122002F011FC7AE07B681B68434A934269
:1014300075D13D4B1B6801333B4A13603A4B1B6827
:10144000012B0BD1394B5B69384A43F08053536110
:10145000364B5B6903F080537B617B69334B5B697F
:10146000324A43F400335361304B5B6903F4003379
:101470003B613B692D4B5B692C4A43F480235361EC
:101480002A4B5B6903F48023FB60FB68F0237B62DB
:101490000323BB620023FB6207F1240319464FF0CC
:1014A000904002F0CFFD04237B620323BB62002344
:1014B000FB6207F1240319461D4802F0C3FD204BCF
:1014C000204A1A601E4B00225A601D4B00229A606F
:1014D0001B4B8022DA601A4B4FF480721A61184B52
:1014E0004FF480625A61164B00229A61144B00221D
:1014F000DA61134802F0C4FB0346002B01D0FFF76A
:10150000DDFE7B680E4A9A630D4A7B6853620022B7
:101510000521122002F07CFB122002F095FB00BF97
:101520003837BD4680BD00BF7C030020001002405C
:101530000004004820010020080002400001005083
:10154000640100201C00024080B58AB000AF7860C2
:1015500007F1140300221A605A609A60DA601A6177
:101560007B681B68284A934249D1284BDB69274A8C
:1015700043F00073D361254BDB6903F000733B61DB
:101580003B69224B5B69214A43F4003353611F4B93
:101590005B6903F40033FB60FB684FF4C0537B616D
:1015A0000223BB610023FB6103233B6209237B62AF
:1015B00007F1140319464FF0904002F043FD00225A
:1015C0000521132002F024FB132002F03DFB002232
:1015D0000521142002F01CFB142002F035FB002230
:1015E0000521152002F014FB152002F02DFB00222E
:1015F0000521162002F00CFB162002F025FB00BF8F
:101600002837BD4680BD00BF006400400010024086
:1016100080B58AB000AF786007F1140300221A6029
:101620005A609A60DA601A617B681B682E4A93429E
:1016300055D12E4B5B692D4A43F4003353612B4B3C
:101640005B6903F400333B613B69284B5B69274AC4
:1016500043F480235361254B5B6903F48023FB60D3
:10166000FB684FF400437B611223BB610023FB61E5
:1016700003233B6204237B6207F1140319464FF0F6
:10168000904002F0DFFC80237B611223BB610023CA
:10169000FB6103233B6204237B6207F114031946B9
:1016A000134802F0CFFC114BDB69104A43F40013DE
:1016B000D3610E4BDB6903F40013BB60BB680022EF
:1016C00005211F2002F0A4FA1F2002F0BDFA00221B
:1016D0000521202002F09CFA202002F0B5FA00BF7C
:1016E0002837BD4680BD00BF0054004000100240B6
:1016F0000004004880B582B000AF78607B681B684A
:101700000E4A934215D10E4BDB690D4A23F40013A8
:10171000D3614FF400414FF0904002F005FE80216C
:10172000084802F001FE1F2002F09CFA202002F07F
:1017300099FA00BF0837BD4680BD00BF0054004085
:10174000001002400004004880B58AB000AF786005
:1017500007F1140300221A605A609A60DA601A6175
:101760007B681B68184A934229D1184B9B69174A1A
:1017700043F480439361154B9B6903F480433B61C1
:101780003B69124B5B69114A43F4003353610F4BC1
:101790005B6903F40033FB60FB684FF4C0637B615B
:1017A0000223BB610023FB6103233B6207237B62AF
:1017B00007F1140319464FF0904002F043FC00BFBC
:1017C0002837BD4680BD00BF0038014000100240F0
:1017D00080B58EB000AF78600023FB620023BB624F
:1017E000334BDB69324A43F01003D361304BDB6982
:1017F00003F01003FB60FB6807F1100207F114030C
:101800001146184605F0ECFD3B6AFB62FB6A002BB3
:1018100003D105F0A1FD786304E005F09DFD0346CA
:101820005B007B637B6B234AA2FB03239B0C013B86
:10183000BB62214B214A1A601F4B40F2E732DA604B
:101840001D4ABB6A53601C4B00221A611A4B0022CE
:101850009A60194B00229A61174805F029FF034648
:1018600087F8333097F83330002B1BD1124805F03E
:1018700081FF034687F8333097F83330002B11D1BE
:10188000362002F0E1F97B680F2B08D80022796836
:10189000362002F0BDF90A4A7B68136002E001239A
:1018A00087F8333097F8333018463837BD4680BD57
:1018B0000010024083DE1B43800300200010004024
:1018C0000800002080B400AF00BFFDE780B400AF87
:1018D00000BFFDE780B400AF00BFFDE780B400AFFC
:1018E00000BFFDE780B400AF00BFFDE780B400AFEC
:1018F00000BFBD465DF8047B7047000080B500AFB7
:10190000024802F0A1FA00BF80BD00BF2001002004
:1019100080B500AF024802F097FA00BF80BD00BF5B
:101920006401002080B500AF034800F04BFB034882
:1019300000F048FB00BF80BD80000020D0000020E8
:1019400080B500AF024801F058FE00BF80BD00BF67
:10195000A801002080B500AF024801F04EFE00BF94
:1019600080BD00BFA801002080B500AF024801F093
:1019700044FE00BF80BD00BFA801002080B500AFBD
:10198000024801F03AFE00BF80BD00BFA801002060
:1019900080B500AF024802F055FF00BF80BD00BF18
:1019A000D001002080B500AF024802F065FF00BF03
:1019B00080BD00BFD001002080B500AF024805F017
:1019C00035FF00BF80BD00BF8003002080B400AFA2
:1019D000064BD3F88830054A43F47003C2F88830C8
:1019E00000BFBD465DF8047B704700BF00ED00E01E
:1019F000DFF834D0FFF7EAFF0C480D490D4A002309
:101A000002E0D458C4500433C4188C42F9D30A4AB3
:101A10000A4C002301E013600432A242FBD309F018
:101A2000ABFCFEF7EDFFFEE70030002000000020D9
:101A300064000020B4B5000864000020F01E0020FF
:101A4000FEE7000080B500AF084B1B68074A43F073
:101A500010031360032002F0D0F80F20FFF7B8FE48
:101A6000FFF732FC0023184680BD00BF0020024073
:101A700080B400AF064B1B781A46064B1B68134414
:101A8000044A136000BFBD465DF8047B704700BF89
:101A90000C000020CC03002080B400AF034B1B6877
:101AA0001846BD465DF8047B704700BFCC0300209C
:101AB00080B483B000AF786000BF0C37BD465DF8DE
:101AC000047B704780B483B000AF786000BF0C37F0
:101AD000BD465DF8047B704780B483B000AF78608A
:101AE00000BF0C37BD465DF8047B704780B59AB0E7
:101AF00000AF7860002387F8673000233B6600233F
:101B0000BB607B68002B01D1012372E17B681B69FC
:101B1000002B7B681B6C03F01003002B76D17B68D5
:101B20001B6C002B52D17B6800225A647B68002218
:101B3000DA647B6800229A647B68002283F83C2088
:101B40007868FFF7E9FB7B681B689B6803F08053AC
:101B5000002B3BD1786801F0A5F8034687F8673081
:101B60007B681B6C03F01003002B2FD197F86730B4
:101B7000002B2BD17B681B6C23F4885323F00203CA
:101B800043F002027B681A647B681B689A687B6872
:101B90001B6822F040529A607B681B689A687B68D9
:101BA0001B6842F080529A60944B1B68944AA2FBD7
:101BB00003239A0C13469B0013445B00BB6002E0B6
:101BC000BB68013BBB60BB68002BF9D17B681B681D
:101BD0009B6803F08053002B07D07B681B689B68D1
:101BE00003F00053B3F1005F10D17B681B6C23F04E
:101BF000120343F010027B681A647B685B6C43F04D
:101C000001027B685A64012387F867307B681B6C8C
:101C100003F01003002B40F0DF8097F86730002BB3
:101C200040F0DA807B681B689B6803F00403002B9C
:101C300040F0D2807B681B6C23F4817343F0020276
:101C40007B681A646F4BFB657B681B68B3F1A04F20
:101C500002D16D4BFB6002E04FF0A043FB607B685C
:101C60001B689B6803F00303012B08D17B681B688A
:101C70001B6803F00103012B01D1012300E00023C5
:101C8000002B1CD1FB68002B10D0FB689B6803F075
:101C90000303012B07D1FB681B6803F00103012B31
:101CA00001D1012300E00023002B08D1FB6D9B68CC
:101CB00023F440327B685B681A43FB6D9A607B6853
:101CC0005B7E5B037A68526B012A02D04FF480522C
:101CD00000E000221A437B68DB681A437B689B683C
:101CE00013433A6E13433B667B6893F82030012B15
:101CF0001BD17B685B7E002B09D17B685B6A013B53
:101D00005A043B6E134343F480333B660DE07B681B
:101D10001B6C23F0220343F020027B681A647B686B
:101D20005B6C43F001027B685A647B689B6A012B01
:101D300007D07B689A6A7B68DB6A13433A6E134369
:101D40003B667B681B689B6803F00C03002B14D177
:101D50007B681B68DB687A68126823F4804323F091
:101D60000203D3607B681B7E9A037B6893F8303054
:101D70005B0013433A6E13433B667B681B68DA686B
:101D8000224B13407A681268396E0B43D3607B682C
:101D90001B69012B0CD17B681B681B6B23F00F01A7
:101DA0007B68DB695A1E7B681B680A431A6307E07D
:101DB0007B681B681A6B7B681B6822F00F021A6332
:101DC0007B6800225A647B681B6C23F0030343F09A
:101DD00001027B681A640AE07B681B6C23F0120323
:101DE00043F010027B681A64012387F8673097F884
:101DF000673018466837BD4680BD00BF040000202C
:101E000083DE1B43000300500001005007C0F0FFB9
:101E100080B586B000AFF860B9607A600023FB75CA
:101E2000FB681B689B6803F00403002B40F0B9803B
:101E3000FB6893F83C30012B01D10223B4E0FB682E
:101E4000012283F83C205A4B9B6803F01F03002BB0
:101E500040F0A080F86800F0C1FE0346FB75FB7DF2
:101E6000002B40F09280FB681B6C23F4706323F01E
:101E7000010343F48072FB681A644D4B9B6803F0C6
:101E80001F03002B04D0FB681B68B3F1A04F15D1D2
:101E9000FB681B6C23F48012FB681A64FB681B68E8
:101EA000DB6803F00073002B27D0FB681B6C23F466
:101EB000405343F48052FB681A641EE0FB681B6CBD
:101EC00043F48012FB681A64FB681B68B3F1A04FEF
:101ED00004D0FB681B68374A93420ED14FF0A043F1
:101EE000DB6803F00073002B07D0FB681B6C23F446
:101EF000405343F48052FB681A64FB681B6C03F484
:101F00008053B3F5805F06D1FB685B6C23F006025B
:101F1000FB685A6402E0FB6800225A64FB680022F6
:101F200083F83C20FB689B6B234A9A62FB689B6B9F
:101F3000224ADA62FB689B6B214A1A63FB681B68C2
:101F40001C221A60FB681B685A68FB681B6842F019
:101F500010025A60FB681B68DA68FB681B6842F075
:101F60000102DA60FB68986BFB681B684033194616
:101F7000BA687B6801F0CBFEFB681B689A68FB6857
:101F80001B6842F004029A600DE0FB68002283F8AF
:101F90003C2008E00123FB75FB68002283F83C200D
:101FA00001E00223FB75FB7D18461837BD4680BD56
:101FB0000003005000010050112B00088B2B00087B
:101FC000A72B000880B588B000AF78600023FB61C4
:101FD0000023BB6100237B617B681B681B683B613E
:101FE0007B681B685B68FB603B6903F00403002BA4
:101FF00004D0FB6803F00403002B09D13B6903F014
:102000000803002B76D0FB6803F00803002B71D087
:102010007B681B6C03F01003002B05D17B681B6CE5
:1020200043F400727B681A64824B9B6803F01F03C1
:10203000002B10D07F4B9B6803F01F03052B0AD0A9
:102040007C4B9B6803F01F03092B04D07B681B6843
:10205000B3F1A04F04D17B681B68DB68BB6103E070
:102060004FF0A043DB68BB617B681B68DB6803F44F
:102070004063002B37D1BB6903F40053002B32D1EE
:102080003B6903F00803002B2DD07B681B689B681D
:1020900003F00403002B1AD17B681B685A687B6825
:1020A0001B6822F00C025A607B681B6C23F4807260
:1020B0007B681A647B681B6C03F48053002B12D17D
:1020C0007B681B6C43F001027B681A640BE07B6841
:1020D0001B6C43F010027B681A647B685B6C43F0F6
:1020E00001027B685A647868FEF7FEFB7B681B6818
:1020F0000C221A603B6903F02003002B04D0FB681C
:1021000003F02003002B0BD13B6903F04003002BAD
:1021100000F0A580FB6803F04003002B00F09F80D7
:102120007B681B6C43F400527B681A64414B9B68CC
:1021300003F01F03002B10D03E4B9B6803F01F03DE
:10214000052B0AD03B4B9B6803F01F03092B04D0DF
:102150007B681B68B3F1A04F04D17B681B68DB6808
:10216000BB6103E04FF0A043DB68BB617B681B6889
:10217000DB6C03F0C003002B6AD1BB6903F0007372
:10218000002B0BD07B681B68DB6803F44063002BDB
:102190005ED1BB6903F40053002B59D13B6903F0B6
:1021A0004003002B54D0234B9B6803F01F03002BEC
:1021B00010D0204B9B6803F01F03062B0AD01D4B49
:1021C0009B6803F01F03072B04D07B681B68B3F1E7
:1021D000A04F04D17B681B68DB687B6103E04FF094
:1021E000A043DB687B617B6903F40013002B2FD1D4
:1021F0007B681B689B6803F00803002B1CD17B687D
:102200001B685A687B681B6822F060025A607B6812
:102210001B6C23F480527B681A647B681B6C03F48C
:102220008073002B14D17B681B6C43F001027B6828
:102230001A640DE0000300507B681B6C43F0100231
:102240007B681A647B685B6C43F001027B685A64AC
:10225000786800F0B1F87B681B6860221A603B69FF
:1022600003F08003002B11D0FB6803F08003002BE8
:102270000CD07B681B6C43F480327B681A647868EE
:10228000FFF720FC7B681B6880221A603B6903F41F
:102290008073002B12D0FB6803F48073002B0DD0E9
:1022A0007B681B6C43F400327B681A64786800F02A
:1022B00097F87B681B684FF480721A603B6903F4DF
:1022C0000073002B12D0FB6803F40073002B0DD0B9
:1022D0007B681B6C43F480227B681A64786800F08A
:1022E00089F87B681B684FF400721A603B6903F041
:1022F0001003002B3BD0FB6803F01003002B36D0FB
:102300007B685B6B012B02D10123FB6119E0294B38
:10231000BB60BB689B6803F01F03002B09D17B687F
:102320001B68DB6803F00103012B0AD10123FB6169
:1023300007E0BB689B6803F44043002B01D00123F6
:10234000FB61FB69012B0ED17B681B6C43F480623F
:102350007B681A647B685B6C43F002027B685A649A
:102360007868FFF7B9FB7B681B6810221A603B692D
:1023700003F48063002B18D0FB6803F48063002B08
:1023800013D07B681B6C43F480427B681A647B68C3
:102390005B6C43F008027B685A647B681B684FF4EF
:1023A00080621A60786800F011F800BF2037BD46DF
:1023B00080BD00BF0003005080B483B000AF7860E0
:1023C00000BF0C37BD465DF8047B704780B483B016
:1023D00000AF786000BF0C37BD465DF8047B7047E6
:1023E00080B483B000AF786000BF0C37BD465DF8A5
:1023F000047B704780B483B000AF786000BF0C37B7
:10240000BD465DF8047B704780B49BB000AF786038
:102410003960002387F867300023BB607B6893F83E
:102420003C30012B01D10223A1E27B68012283F819
:102430003C207B681B689B6803F00403002B40F082
:1024400085823B685B68042B1CD87B681B68196B12
:102450003B685A6813465B0013445B001A461F230F
:102460009340DB4319403B6818683B685A68134641
:102470005B0013445B0000FA03F27B681B680A43AD
:102480001A6363E03B685B68092B1ED87B681B6896
:10249000596B3B685A6813465B0013445B001E3B54
:1024A0001F2202FA03F3DB4319403B6818683B68BC
:1024B0005A6813465B0013445B001E3B00FA03F2AC
:1024C0007B681B680A435A6340E03B685B680E2BDD
:1024D0001ED87B681B68996B3B685A6813465B0083
:1024E00013445B003C3B1F2202FA03F3DB43194019
:1024F0003B6818683B685A6813465B0013445B00EE
:102500003C3B00FA03F27B681B680A439A631DE0B8
:102510007B681B68D96B3B685A6813465B001344A1
:102520005B005A3B1F2202FA03F3DB4319403B686E
:1025300018683B685A6813465B0013445B005A3BBB
:1025400000FA03F27B681B680A43DA637B681B6846
:102550009B6803F00C03002B40F0E5803B681B6890
:10256000092B1CD97B681B6899693B681A6813465C
:102570005B0013441E3B072202FA03F3DB431940BE
:102580003B6898683B681A6813465B0013441E3B1F
:1025900000FA03F27B681B680A439A6119E07B68C2
:1025A0001B6859693B681A6813465B00134407228D
:1025B00002FA03F3DB4319403B6898683B681A68EA
:1025C00013465B00134400FA03F27B681B680A435E
:1025D0005A613B685A697B681B68DB68DB0803F05B
:1025E00003035B0002FA03F33B663B681B69013B94
:1025F000032B4FD801A252F823F000BF0D2600088C
:102600002F26000851260008732600087B681B68E7
:102610001A6E9C4B13403A68126891063A6E0A4350
:102620001A437B681B6842F000421A667BE07B68B5
:102630001B685A6E934B13403A68126891063A6EC3
:102640000A431A437B681B6842F000425A666AE0FC
:102650007B681B689A6E8B4B13403A681268910630
:102660003A6E0A431A437B681B6842F000429A663E
:1026700059E07B681B68DA6E824B13403A68126837
:1026800091063A6E0A431A437B681B6842F0004287
:10269000DA6648E07B681B681B6E03F0F8423B6813
:1026A0001B689B069A4207D17B681B681A6E7B6881
:1026B0001B6822F000421A667B681B685B6E03F0A1
:1026C000F8423B681B689B069A4207D17B681B68EF
:1026D0005A6E7B681B6822F000425A667B681B6852
:1026E0009B6E03F0F8423B681B689B069A4207D139
:1026F0007B681B689A6E7B681B6822F000429A66B2
:102700007B681B68DB6E03F0F8423B681B689B0626
:102710009A4207D17B681B68DA6E7B681B6822F0DF
:102720000042DA6600BF7B681B689B6803F0030306
:10273000012B08D17B681B681B6803F00103012B88
:1027400001D1012300E00023002B40F00A813B6807
:10275000DB68012B0FD07B681B68D3F8B0103B6897
:102760001B68012202FA03F3DA437B681B680A4004
:10277000C3F8B02049E07B681B68D3F8B0103B6811
:102780001B6801229A407B681B680A43C3F8B0208B
:102790003B681B68092B1CD97B681B6899693B68DF
:1027A0001A6813465B0013441B3B072202FA03F32B
:1027B000DB4319403B6898683B681A6813465B0026
:1027C00013441B3B00FA03F27B681B680A439A61BF
:1027D0001BE07B681B6859693B681B685A1C1346E1
:1027E0005B001344072202FA03F3DB4319403B6802
:1027F00098683B681B685A1C13465B00134400FA38
:1028000003F27B681B680A435A611F4BFB653B68F8
:102810001B68102B05D1FB6D9B6803F40003002B94
:1028200015D03B681B68112B05D1FB6D9B6803F02D
:102830008073002B0BD03B681B68122B40F09180FB
:10284000FB6D9B6803F48003002B40F08A807B685B
:102850001B68B3F1A04F02D10C4BFB6002E04FF0BC
:10286000A043FB607B681B689B6803F00303012B9C
:102870000ED17B681B681B6803F00103012B07D195
:10288000012306E000F0FF83000300500001005028
:102890000023002B50D1FB68002B10D0FB689B68F5
:1028A00003F00303012B07D1FB681B6803F001034E
:1028B000012B01D1012300E00023002B3CD13B6818
:1028C0001B68102B1DD17B681B68B3F1A04F18D17A
:1028D000FB6D9B6843F40002FB6D9A60274B1B68FD
:1028E000274AA2FB03239A0C13469B0013445B0068
:1028F000BB6002E0BB68013BBB60BB68002BF9D149
:102900002EE03B681B68112B0BD17B681B68B3F171
:10291000A04F06D1FB6D9B6843F08072FB6D9A60FF
:102920001EE03B681B68122B1AD1FB6D9B6843F4B9
:102930008002FB6D9A6013E07B681B6C43F0200201
:102940007B681A64012387F867300AE07B681B6C98
:1029500043F020027B681A64012387F8673000E0A7
:1029600000BF7B68002283F83C2097F86730184648
:102970006C37BD465DF8047B704700BF0400002043
:1029800083DE1B4380B499B000AF786039600023C8
:1029900087F85F307B681B68B3F1A04F02D15A4BB8
:1029A000BB6002E04FF0A043BB60BB68002B01D1CD
:1029B0000123A2E07B6893F83C30012B01D1022374
:1029C0009BE07B68012283F83C207B681B689B6846
:1029D00003F00403002B7FD1BB689B6803F0040362
:1029E000002B79D1494BBB653B681B68002B40D05D
:1029F000BB6D9B6823F460423B6859687B6893F821
:102A000030305B030B431A43BB6D9A607B681B68D5
:102A10009B6803F00303012B08D17B681B681B68CC
:102A200003F00103012B01D1012300E00023002B5F
:102A30005CD1BB689B6803F00303012B07D1BB6823
:102A40001B6803F00103012B01D1012300E00023E7
:102A5000002B4BD1BB6D9B6823F4716323F00F03F4
:102A60003A6811683A6892680A431A43BB6D9A60E3
:102A70003CE0BB6D9B6823F46042BB6D9A607B6851
:102A80001B689B6803F00303012B08D17B681B685C
:102A90001B6803F00103012B01D1012300E0002397
:102AA000002B23D1BB689B6803F00303012B07D1E4
:102AB000BB681B6803F00103012B01D1012300E077
:102AC0000023002B12D1BB6D9B6823F4716323F0AC
:102AD0000F03BA6D936009E07B681B6C43F0200222
:102AE0007B681A64012387F85F3000E000BF7B68D1
:102AF000002283F83C2097F85F3018466437BD46C3
:102B00005DF8047B704700BF0001005000030050D7
:102B100080B584B000AF78607B685B6AFB60FB685F
:102B20001B6C03F05003002B26D1FB681B6C43F495
:102B30000072FB681A64FB681B68DB6803F440637F
:102B4000002B15D1FB685B7E002B11D1FB681B6C41
:102B500023F48072FB681A64FB681B6C03F48053D7
:102B6000002B05D1FB681B6C43F00102FB681A6463
:102B7000F868FDF7B9FE04E0FB689B6B1B6B786897
:102B8000984700BF1037BD4680BD80B584B000AF08
:102B900078607B685B6AFB60F868FEF789FF00BFBE
:102BA0001037BD4680BD80B584B000AF78607B68CB
:102BB0005B6AFB60FB681B6C43F04002FB681A64B5
:102BC000FB685B6C43F00402FB685A64F868FEF72C
:102BD00083FF00BF1037BD4680BD000080B584B0C4
:102BE00000AF78600023FB607B681B689B6803F084
:102BF0000303012B08D17B681B681B6803F00103EA
:102C0000012B01D1012300E00023002B43D17B687D
:102C10001B689A68224B1340002B0DD07B681B6CFD
:102C200043F010027B681A647B685B6C43F001021E
:102C30007B685A6401232FE07B681B689A687B6875
:102C40001B6842F001029A60FEF726FFF8601BE065
:102C5000FEF722FF0246FB68D31A022B14D97B68C9
:102C60001B681B6803F00103012B0DD07B681B6CF4
:102C700043F010027B681A647B685B6C43F00102CE
:102C80007B685A64012307E07B681B681B6803F0BC
:102C90000103012BDCD1002318461037BD4680BD4F
:102CA0003F00008080B584B000AF78600023FB60F7
:102CB0007B681B689B6803F00303012B08D17B68CA
:102CC0001B681B6803F00103012B01D1012300E005
:102CD0000023002B47D07B681B689B6803F00D0323
:102CE000012B0FD17B681B689A687B681B6842F0D8
:102CF00002029A607B681B6803221A60FEF7CCFE12
:102D0000F86029E07B681B6C43F010027B681A6452
:102D10007B685B6C43F001027B685A64012323E00B
:102D2000FEF7BAFE0246FB68D31A022B14D97B6861
:102D30001B689B6803F00103012B0DD17B681B6CA2
:102D400043F010027B681A647B685B6C43F00102FD
:102D50007B685A64012307E07B681B689B6803F06B
:102D60000103012BDCD0002318461037BD4680BD7F
:102D700080B584B000AF78607B68002B01D101235F
:102D8000EDE07B6893F82030DBB2002B02D178684D
:102D9000FEF7DAFB7B681B681A687B681B6842F0E9
:102DA00001021A60FEF778FEF86012E0FEF774FE8A
:102DB0000246FB68D31A0A2B0BD97B685B6A43F483
:102DC00000327B685A627B68052283F82020012349
:102DD000C5E07B681B685B6803F00103002BE5D04E
:102DE0007B681B681A687B681B6822F002021A6005
:102DF000FEF752FEF86012E0FEF74EFE0246FB6858
:102E0000D31A0A2B0BD97B685B6A43F400327B68C8
:102E10005A627B68052283F8202001239FE07B68AB
:102E20001B685B6803F00203002BE5D17B681B7E07
:102E3000012B08D17B681B681A687B681B6842F00D
:102E400080021A6007E07B681B681A687B681B6851
:102E500022F080021A607B685B7E012B08D17B68C0
:102E60001B681A687B681B6842F040021A6007E022
:102E70007B681B681A687B681B6822F040021A6036
:102E80007B689B7E012B08D17B681B681A687B6876
:102E90001B6842F020021A6007E07B681B681A6812
:102EA0007B681B6822F020021A607B68DB7E012BA6
:102EB00008D17B681B681A687B681B6822F01002C7
:102EC0001A6007E07B681B681A687B681B6842F021
:102ED00010021A607B681B7F012B08D17B681B687E
:102EE0001A687B681B6842F008021A6007E07B687A
:102EF0001B681A687B681B6822F008021A607B68EE
:102F00005B7F012B08D17B681B681A687B681B6894
:102F100042F004021A6007E07B681B681A687B684D
:102F20001B6822F004021A607B689A687B68DB6881
:102F30001A437B681B691A437B685B6942EA030199
:102F40007B685B685A1E7B681B680A43DA617B6892
:102F500000225A627B68012283F820200023184651
:102F60001037BD4680BD80B487B000AF786039604F
:102F70007B681B687B617B6893F82030FB74FB7C6B
:102F8000012B03D0FB7C022B40F0AA807B69D3F895
:102F9000003243F001027B69C3F800223B685B69A1
:102FA00003F01F03012202FA03F3FB607B69D3F8ED
:102FB0001C22FB68DB431A407B69C3F81C223B6878
:102FC000DB69002B23D17B69D3F80C22FB68DB4340
:102FD0001A407B69C3F80C223B68DB6819043B6824
:102FE0005B689BB23A68526919437B69483243F87F
:102FF00032103B689B6819043B681B689AB23B68B7
:103000005B690A4379694833DB000B445A603B68CB
:10301000DB69012B22D17B69D3F80C22FB681A43B0
:103020007B69C3F80C223B681B6819043B685B682A
:103030009BB23A68526919437B69483243F83210AF
:103040003B689B6819043B68DB689AB23B685B6924
:103050000A4379694833DB000B445A603B689B693B
:10306000002B09D17B69D3F80422FB68DB431A40AB
:103070007B69C3F8042207E07B69D3F80422FB686C
:103080001A437B69C3F804223B681B69002B09D1F2
:103090007B69D3F81422FB68DB431A407B69C3F8D1
:1030A000142207E07B69D3F81422FB681A437B697A
:1030B000C3F814223B681B6A012B07D17B69D3F844
:1030C0001C22FB681A437B69C3F81C227B69D3F876
:1030D000003223F001027B69C3F80022002306E0DE
:1030E0007B685B6A43F480227B685A62012318463E
:1030F0001C37BD465DF8047B704780B584B000AFD7
:1031000078607B6893F82030DBB2012B2ED17B688E
:10311000022283F820207B681B681A687B681B6882
:1031200022F001021A60FEF7B7FCF86012E0FEF729
:10313000B3FC0246FB68D31A0A2B0BD97B685B6A87
:1031400043F400327B685A627B68052283F82020B2
:10315000012312E07B681B685B6803F00103002B0E
:10316000E5D17B6800225A62002306E07B685B6A37
:1031700043F400227B685A62012318461037BD468B
:1031800080BD80B489B000AFF860B9607A603B6000
:10319000FB6893F82030FB77FB681B689B68BB617A
:1031A000FB7F012B03D0FB7F022B40F0AD80BB697E
:1031B00003F08063002B0AD1BB6903F00063002B8E
:1031C00005D1BB6903F08053002B00F09580BB69EB
:1031D0001B0E03F003037B6101227B699A403B686D
:1031E0001A60BB689B68002B0DD1BB681B685A0531
:1031F000BB68DB68F96809681A437B6918331B01EF
:103200000B441A600FE0BB685B68DA00BB689B6820
:103210001A43BB68DB68F96809681A437B6918338D
:103220001B010B441A60FB681968BB681A697B694B
:1032300018331B010B4404331A60BB681B7D012B40
:1032400011D1FB681A687B6918331B0113440433DE
:103250001B68FA68116843F480727B6918331B019C
:103260000B4404331A607B6807331B781A067B68AB
:1032700006331B781B041A437B6805331B781B023B
:1032800013437A68043212781046FA68116843EAE8
:1032900000027B691B010B4403F5C6731A607B684F
:1032A00003331B781A067B6802331B781B041A430E
:1032B0007B6801331B781B0213437A68127810462F
:1032C000FA68116843EA00027B691B010B4403F5AD
:1032D000C4731A60FB681A687B6918331B011344B6
:1032E0001B68FA68116843F001027B6918331B01FF
:1032F0000B441A6000230EE0FB685B6A43F4001283
:10330000FB685A62012306E0FB685B6A43F4802293
:10331000FB685A62012318462437BD465DF8047BDA
:10332000704780B485B000AF786039600023FB60DF
:103330007B6893F82030FB72FB7A012B02D0FB7A7A
:10334000022B0BD17B681B689A683B689B061A406E
:103350003B689B069A4201D00123FB60FB6818463C
:103360001437BD465DF8047B704780B487B000AF6A
:10337000F860B9607A603B60FB6893F82030FB75B9
:10338000FB7D012B03D0FB7D022B40F00381BB684A
:10339000002B0ED1FB681B68DB6803F00303002BD6
:1033A00016D1FB685B6A43F40012FB685A62012382
:1033B000F7E0FB681B681B6903F00303002B07D1D0
:1033C000FB685B6A43F40012FB685A620123E8E081
:1033D000FB681A68BB681B331B0113441B6803F0AE
:1033E00004027B689A607B689B68002B0CD1FB68A9
:1033F0001A68BB681B331B0113441B685B0DC3F3C6
:103400000A027B681A600BE0FB681A68BB681B3312
:103410001B0113441B68DB0823F060427B685A6081
:10342000FB681A68BB681B331B0113441B6803F05D
:1034300002027B68DA60FB681A68BB681B331B01F9
:10344000134404331B6803F00803002B03D07B688C
:1034500008221A610BE0FB681A68BB681B331B016A
:10346000134404331B6803F00F027B681A61FB6886
:103470001A68BB681B331B01134404331B681B0A07
:10348000DAB27B689A61FB681A68BB681B331B0160
:10349000134404331B681B0C9AB27B685A61FB68A7
:1034A0001A68BB681B01134403F5DC731B68DAB2AE
:1034B0003B681A70FB681A68BB681B01134403F56C
:1034C000DC731B681A0A3B680133D2B21A70FB68BE
:1034D0001A68BB681B01134403F5DC731B681A0CE4
:1034E0003B680233D2B21A70FB681A68BB681B01D2
:1034F000134403F5DC731B681A0E3B680333D2B226
:103500001A70FB681A68BB681B01134403F5DE736D
:103510001A683B680433D2B21A70FB681A68BB6839
:103520001B01134403F5DE731B681A0A3B6805335D
:10353000D2B21A70FB681A68BB681B01134403F50A
:10354000DE731B681A0C3B680633D2B21A70FB6834
:103550001A68BB681B01134403F5DE731B681A0E5F
:103560003B680733D2B21A70BB68002B08D1FB68E6
:103570001B68DA68FB681B6842F02002DA6007E02B
:10358000FB681B681A69FB681B6842F020021A611D
:10359000002306E0FB685B6A43F48022FB685A6202
:1035A000012318461C37BD465DF8047B704780B484
:1035B00085B000AF786039607B6893F82030FB738A
:1035C000FB7B012B02D0FB7B022B09D17B681B68A4
:1035D00059697B681B683A680A435A61002306E010
:1035E0007B685B6A43F480227B685A620123184639
:1035F0001437BD465DF8047B704780B58AB000AFD4
:10360000786000237B627B681B685B693B627B6838
:103610001B685B68FB617B681B689B68BB617B68A0
:103620001B68DB687B617B681B681B693B617B688F
:103630001B689B69FB603B6A03F00103002B7CD095
:10364000BB6903F00103002B23D07B681B680122B8
:103650009A60BB6903F00203002B03D0786800F086
:1036600083F916E0BB6903F00403002B04D07B6AE6
:1036700043F400637B620CE0BB6903F00803002B9A
:1036800004D07B6A43F480537B6202E0786800F0E8
:1036900089F9BB6903F48073002B24D07B681B6815
:1036A0004FF480729A60BB6903F40073002B03D05F
:1036B000786800F063F916E0BB6903F48063002BBF
:1036C00004D07B6A43F400537B620CE0BB6903F4D3
:1036D0000063002B04D07B6A43F480437B6202E0EA
:1036E000786800F069F9BB6903F48033002B24D0BB
:1036F0007B681B684FF480329A60BB6903F4003327
:10370000002B03D0786800F043F916E0BB6903F49E
:103710008023002B04D07B6A43F400437B620CE0DF
:10372000BB6903F40023002B04D07B6A43F480338D
:103730007B6202E0786800F049F93B6A03F0080315
:10374000002B0CD07B6903F01003002B07D07B6AA1
:1037500043F400737B627B681B681022DA603B6A6B
:1037600003F00403002B0BD07B6903F00803002B4C
:1037700006D07B681B680822DA60786800F030F9B0
:103780003B6A03F00203002B09D07B681B68DB68EF
:1037900003F00303002B02D07868FDF701F93B6AC0
:1037A00003F04003002B0CD03B6903F01003002B07
:1037B00007D07B6A43F480637B627B681B681022BE
:1037C0001A613B6A03F02003002B0BD03B6903F026
:1037D0000803002B06D07B681B6808221A617868F2
:1037E00000F012F93B6A03F01003002B09D07B684C
:1037F0001B681B6903F00303002B02D0786800F0FC
:10380000F9F83B6A03F40033002B0BD0FB6903F09B
:103810001003002B06D07B681B6810225A60786862
:1038200000F0FCF83B6A03F48033002B0BD0FB69FB
:1038300003F00803002B06D07B681B6808225A603F
:10384000786800F0F5F83B6A03F40043002B7BD066
:10385000FB6903F00403002B72D03B6A03F480730E
:10386000002B08D0FB6803F00103002B03D07B6A18
:1038700043F001037B623B6A03F40073002B08D022
:10388000FB6803F00203002B03D07B6A43F00203C2
:103890007B623B6A03F48063002B08D0FB6803F073
:1038A0000403002B03D07B6A43F004037B623B6A72
:1038B00003F40063002B43D0FB6803F07003002B7C
:1038C0003ED0FB6803F07003602B2BD0602B2ED80A
:1038D000502B22D0502B2AD8402B19D0402B26D841
:1038E000302B10D0302B22D8102B02D0202B05D01B
:1038F0001DE07B6A43F008037B6219E07B6A43F0BA
:1039000010037B6214E07B6A43F020037B620FE0CC
:103910007B6A43F040037B620AE07B6A43F08003EA
:103920007B6205E07B6A43F480737B6200E000BF4A
:103930007B681B689A697B681B6822F070029A6139
:103940007B681B6804225A607B6A002B08D07B6866
:103950005A6A7B6A1A437B685A62786800F072F888
:1039600000BF2837BD4680BD80B483B000AF78600B
:1039700000BF0C37BD465DF8047B704780B483B050
:1039800000AF786000BF0C37BD465DF8047B704720
:1039900080B483B000AF786000BF0C37BD465DF8DF
:1039A000047B704780B483B000AF786000BF0C37F1
:1039B000BD465DF8047B704780B483B000AF78608B
:1039C00000BF0C37BD465DF8047B704780B483B000
:1039D00000AF786000BF0C37BD465DF8047B7047D0
:1039E00080B483B000AF786000BF0C37BD465DF88F
:1039F000047B704780B483B000AF786000BF0C37A1
:103A0000BD465DF8047B704780B483B000AF78603A
:103A100000BF0C37BD465DF8047B704780B483B0AF
:103A200000AF786000BF0C37BD465DF8047B70477F
:103A300080B483B000AF786000BF0C37BD465DF83E
:103A4000047B704780B483B000AF786000BF0C3750
:103A5000BD465DF8047B704780B485B000AF7860E8
:103A60007B6803F00703FB600C4BDB68BB60BA6844
:103A70004FF6FF031340BB60FB681A02BB68134399
:103A800043F0BF6343F40033BB60044ABB68D360B8
:103A900000BF1437BD465DF8047B704700ED00E0C1
:103AA00080B400AF044BDB681B0A03F00703184621
:103AB000BD465DF8047B704700ED00E080B483B044
:103AC00000AF0346FB7197F90730002B0BDBFB7946
:103AD00003F01F02074997F907305B09012000FA3C
:103AE00002F241F8232000BF0C37BD465DF8047B8D
:103AF000704700BF00E100E080B483B000AF034630
:103B0000FB7197F90730002B12DBFB7903F01F02E2
:103B10000A4997F907305B09012000FA02F22033C5
:103B200041F82320BFF34F8F00BFBFF36F8F00BF5B
:103B300000BF0C37BD465DF8047B704700E100E034
:103B400080B483B000AF03463960FB7197F907304A
:103B5000002B0ADB3B68DAB20C4997F907301201F7
:103B6000D2B20B4483F800230AE03B68DAB208497A
:103B7000FB7903F00F03043B1201D2B20B441A7617
:103B800000BF0C37BD465DF8047B704700E100E0E4
:103B900000ED00E080B489B000AFF860B9607A60F1
:103BA000FB6803F00703FB61FB69C3F10703042B08
:103BB00028BF0423BB61FB690433062B02D9FB69D0
:103BC000033B00E000237B614FF0FF32BB6902FA48
:103BD00003F3DA43BB681A407B699A404FF0FF3128
:103BE0007B6901FA03F3D9437B680B401343184602
:103BF0002437BD465DF8047B704780B582B000AFC6
:103C000078607868FFF728FF00BF0837BD4680BDA1
:103C100080B586B000AF0346B9607A60FB730023BD
:103C20007B61FFF73DFF78617A68B9687869FFF7D3
:103C3000B1FF024697F90F3011461846FFF780FF93
:103C400000BF1837BD4680BD80B582B000AF0346C7
:103C5000FB7197F907301846FFF730FF00BF0837B0
:103C6000BD4680BD80B582B000AF0346FB7197F9B9
:103C700007301846FFF740FF00BF0837BD4680BD3C
:103C800080B584B000AF78600023FB607B68002BB8
:103C900001D1012337E07B68022283F821207B6871
:103CA0001B681B68FB60FB6823F47F5323F0300321
:103CB000FB607B685A687B689B681A437B68DB689B
:103CC0001A437B681B691A437B685B691A437B68EC
:103CD0009B691A437B68DB691343FA681343FB60F3
:103CE0007B681B68FA681A60786800F08BF97B685B
:103CF00000229A637B68012283F821207B680022DE
:103D000083F82020002318461037BD4680BD80B5BB
:103D100086B000AFF860B9607A603B600023FB7545
:103D2000FB6893F82030012B01D102234AE0FB68A5
:103D3000012283F82020FB6893F82130012B3AD12F
:103D4000FB68022283F82120FB6800229A63FB684B
:103D50001B681A68FB681B6822F001021A603B6846
:103D60007A68B968F86800F01FF9FB68DB6A002B15
:103D700008D0FB681B681A68FB681B6842F00E02DB
:103D80001A600FE0FB681B681A68FB681B6842F04A
:103D90000A021A60FB681B681A68FB681B6822F03D
:103DA00004021A60FB681B681A68FB681B6842F013
:103DB00001021A6005E0FB68002283F8202002233C
:103DC000FB75FB7D18461837BD4680BD80B584B0B5
:103DD00000AF78600023FB737B6893F82130022BDF
:103DE00005D07B6804229A630123FB7327E07B687C
:103DF0001B681A687B681B6822F00E021A607B68D9
:103E00001B681A687B681B6822F001021A607B68D5
:103E10001A6C7B68DB6B012101FA02F25A607B6845
:103E2000012283F821207B68002283F820207B6810
:103E30005B6B002B03D07B685B6B78689847FB7BE0
:103E400018461037BD4680BD80B584B000AF78609D
:103E50007B68DB6B1B68FB607B681B681B68BB6057
:103E60007B681B6C04229A40FB681340002B24D013
:103E7000BB6803F00403002B1FD07B681B681B6822
:103E800003F02003002B07D17B681B681A687B684E
:103E90001B6822F004021A607B681A6C7B68DB6B7B
:103EA000042101FA02F25A607B68DB6A002B6AD0B7
:103EB0007B68DB6A7868984765E07B681B6C022248
:103EC0009A40FB681340002B2CD0BB6803F0020320
:103ED000002B27D07B681B681B6803F02003002B96
:103EE0000BD17B681B681A687B681B6822F00A028A
:103EF0001A607B68012283F821207B681A6C7B683A
:103F0000DB6B022101FA02F25A607B68002283F81F
:103F100020207B689B6A002B35D07B689B6A786881
:103F2000984730E07B681B6C08229A40FB6813407E
:103F3000002B28D0BB6803F00803002B23D07B683C
:103F40001B681A687B681B6822F00E021A607B6887
:103F50001A6C7B68DB6B012101FA02F25A607B6804
:103F600001229A637B68012283F821207B6800226A
:103F700083F820207B681B6B002B04D07B681B6BB5
:103F800078689847FFE700BF1037BD4680BD80B412
:103F900083B000AF78607B6893F8213018460C3707
:103FA000BD465DF8047B704780B485B000AFF86013
:103FB000B9607A603B60FB681A6CFB68DB6B0121BF
:103FC00001FA02F25A60FB681B683A685A60FB68A3
:103FD0005B68102B08D1FB681B687A689A60FB68E5
:103FE0001B68BA68DA6007E0FB681B68BA689A6009
:103FF000FB681B687A68DA6000BF1437BD465DF85D
:10400000047B704780B483B000AF78607B681B6826
:104010001A46094B1344094AA2FB03231B099A00C1
:104020007B681A647B68064ADA6300BF0C37BD46BA
:104030005DF8047B704700BFF8FFFDBFCDCCCCCC52
:104040000000024080B487B000AF78603960002380
:104050007B614EE13B681A6801217B6901FA03F339
:104060001340FB60FB68002B00F040813B685B68FD
:1040700003F00303012B05D03B685B6803F00303E7
:10408000022B30D17B689B683B617B695B0003221C
:1040900002FA03F3DB433A6913403B613B68DA6899
:1040A0007B695B0002FA03F33A6913433B617B6867
:1040B0003A699A607B685B683B6101227B6902FA1E
:1040C00003F3DB433A6913403B613B685B681B09C0
:1040D00003F001027B6902FA03F33A6913433B617F
:1040E0007B683A695A603B685B6803F00303032B03
:1040F00017D07B68DB683B617B695B00032202FAB7
:1041000003F3DB433A6913403B613B689A687B6980
:104110005B0002FA03F33A6913433B617B683A6937
:10412000DA603B685B6803F00303022B23D17B69F1
:10413000DA087B68083253F822303B617B6903F070
:1041400007039B000F2202FA03F3DB433A69134093
:104150003B613B681A697B6903F007039B0002FA25
:1041600003F33A6913433B617B69DA087B680832E1
:10417000396943F822107B681B683B617B695B00EF
:10418000032202FA03F3DB433A6913403B613B68C5
:104190005B6803F003027B695B0002FA03F33A6990
:1041A00013433B617B683A691A603B685B6803F4C0
:1041B0004033002B00F09A80554B9B69544A43F0E2
:1041C00001039361524B9B6903F00103BB60BB6821
:1041D000504A7B699B08023352F823303B617B696C
:1041E00003F003039B000F2202FA03F3DB433A6957
:1041F00013403B617B68B3F1904F13D07B68464A14
:1042000093420DD07B68454A934207D07B68444A6D
:10421000934201D1032306E0052304E0022302E0D8
:10422000012300E000237A6902F003029200934028
:104230003A6913433B6137497B699B0802333A690A
:1042400041F82320374B9B683B61FB68DB433A69AD
:1042500013403B613B685B6803F48013002B03D081
:104260003A69FB6813433B612E4A3B6993602D4BCF
:10427000DB683B61FB68DB433A6913403B613B68A9
:104280005B6803F40013002B03D03A69FB68134307
:104290003B61244A3B69D360224B5B683B61FB680E
:1042A000DB433A6913403B613B685B6803F40033CE
:1042B000002B03D03A69FB6813433B61194A3B6901
:1042C0005360184B1B683B61FB68DB433A69134042
:1042D0003B613B685B6803F48033002B03D03A6991
:1042E000FB6813433B610F4A3B6913607B690133F1
:1042F0007B613B681A687B6922FA03F3002B7FF429
:10430000A9AE00BF00BF1C37BD465DF8047B7047F7
:10431000001002400000014000040048000800486E
:10432000000C00480004014080B487B000AF786002
:10433000396000237B61B2E001227B6902FA03F35A
:104340003A6813403B613B69002B00F0A5805B4A53
:104350007B699B08023352F82330FB607B6903F0D2
:1043600003039B000F2202FA03F3FA681340FB6079
:104370007B68B3F1904F13D07B68514A93420DD0C4
:104380007B68504A934207D07B684F4A934201D1E1
:10439000032306E0052304E0022302E0012300E0FA
:1043A00000237A6902F0030292009340FA689A426D
:1043B00032D1464B1A683B69DB43444913400B60DA
:1043C000424B5A683B69DB43404913404B603F4BCB
:1043D000DA683B69DB433D491340CB603B4B9A684D
:1043E0003B69DB43394913408B607B6903F003036E
:1043F0009B000F2202FA03F3FB60304A7B699B08A3
:10440000023352F82310FB68DA432C487B699B087F
:104410000A40023340F823207B681A687B695B00FE
:10442000032101FA03F3DB431A407B681A607B69BE
:10443000DA087B68083253F822107B6903F007031F
:104440009B000F2202FA03F3DB437A69D20819407A
:104450007B68083243F822107B68DA687B695B006E
:10446000032101FA03F3DB431A407B68DA607B68BF
:104470005A6801217B6901FA03F3DB431A407B6828
:104480005A607B689A687B695B00032101FA03F339
:10449000DB431A407B689A607B6901337B613A6831
:1044A0007B6922FA03F3002B7FF446AF00BF00BF05
:1044B0001C37BD465DF8047B704700BF000001401B
:1044C0000004004800080048000C004800040140B7
:1044D00080B483B000AF78600B467B8013467B705E
:1044E0007B78002B03D07A887B689A6102E07A8817
:1044F0007B689A6200BF0C37BD465DF8047B70474D
:1045000080B485B000AF78600B467B807B685B69C8
:10451000FB607A88FB6813401A04FB68D9437B88E8
:104520000B401A437B689A6100BF1437BD465DF8A3
:10453000047B704780B582B000AF78607B68002B49
:1045400001D101238DE07B6893F84130DBB2002B71
:1045500006D17B68002283F840207868FDF758F880
:104560007B68242283F841207B681B681A687B687B
:104570001B6822F001021A607B685A687B681B681E
:1045800022F070621A617B681B689A687B681B68FE
:1045900022F400429A607B68DB68012B07D17B68BC
:1045A0009A687B681B6842F400429A6006E07B6868
:1045B0009A687B681B6842F404429A607B68DB68F7
:1045C000022B08D17B681B685A687B681B6842F421
:1045D00000625A6007E07B681B685A687B681B684A
:1045E00022F400625A607B681B685B687A68126814
:1045F00043F0007343F4004353607B681B68DA6840
:104600007B681B6822F40042DA607B681A697B6869
:104610005B6942EA03017B689B691A027B681B683D
:104620000A43DA607B68D9697B681A6A7B681B6811
:104630000A431A607B681B681A687B681B6842F033
:1046400001021A607B6800225A647B68202283F88A
:1046500041207B6800221A637B68002283F8422095
:10466000002318460837BD4680BD80B582B000AF34
:1046700078607B68002B01D1012321E07B68242234
:1046800083F841207B681B681A687B681B6822F0EE
:1046900001021A607868FDF72DF87B6800225A64E1
:1046A0007B68002283F841207B6800221A637B68C4
:1046B000002283F842207B68002283F840200023F8
:1046C00018460837BD4680BD80B584B000AFF8609D
:1046D000B9601346FB80FB6893F84130DBB2202BB6
:1046E00056D1FB6893F84030012B01D1022350E0F2
:1046F000FB68012283F84020FB68212283F84120D7
:10470000FB68202283F84220FB6800225A64FB6881
:104710001B685A68FB681B6822F400425A60FB68F9
:10472000BA685A62FB68FA885A85FB685B8D9AB250
:10473000FB681A85FB68194ADA62FB68184A5A63F3
:10474000FB681B6AB3F5003F17D1FB685B6A1A78F8
:10475000FB681B689A62FB685B6A5A1CFB685A62BA
:10476000FB685B8D9BB2013B9AB2FB685A85FB6884
:104770001B8D013B9AB2FB681A85FB68002283F807
:10478000402048F20101F86801F052FA002300E0ED
:10479000022318461037BD4680BD00BF0000FFFF52
:1047A000C349000880B584B000AFF860B960134613
:1047B000FB80FB6893F84130DBB2202B39D1FB68DA
:1047C00093F84030012B01D1022333E0FB68012232
:1047D00083F84020FB68222283F84120FB682022D6
:1047E00083F84220FB6800225A64FB681B685A6801
:1047F000FB681B6822F400425A60FB68BA685A6280
:10480000FB68FA885A85FB685B8D9AB2FB681A854B
:10481000FB680A4ADA62FB68094A5A63FB680022AD
:1048200083F8402048F20201F86801F001FA002301
:1048300000E0022318461037BD4680BD0000FFFF90
:10484000C349000880B584B000AF78607B681B68FE
:104850009B69FB607B681B681B68BB607B685B6B4C
:10486000002B05D07B685B6BBA68F968786898475D
:1048700000BF1037BD4680BD80B586B000AF786000
:104880007B681B689B697B617B681B681B683B615D
:104890007B6903F48073002B0FD03B6903F0800326
:1048A000002B0AD07B685B6C43F001027B685A6482
:1048B0007B681B684FF48072DA617B6903F4806364
:1048C000002B0FD03B6903F08003002B0AD07B68DC
:1048D0005B6C43F008027B685A647B681B684FF48A
:1048E0008062DA617B6903F40073002B0FD03B69AF
:1048F00003F08003002B0AD07B685B6C43F002025C
:104900007B685A647B681B684FF40072DA617B68CD
:104910005B6CFB60FB6803F00B03002B03D0F968B2
:10492000786800F0F9FF00BF1837BD4680BD80B43D
:1049300083B000AF786000BF0C37BD465DF8047BE4
:10494000704780B483B000AF786000BF0C37BD46BD
:104950005DF8047B704780B483B000AF78600B468D
:10496000FB7013463B8000BF0C37BD465DF8047BEF
:10497000704780B483B000AF786000BF0C37BD468D
:104980005DF8047B704780B483B000AF786000BFEF
:104990000C37BD465DF8047B704780B483B000AF30
:1049A000786000BF0C37BD465DF8047B704780B46B
:1049B00083B000AF786000BF0C37BD465DF8047B64
:1049C000704780B586B000AFF860B9607A60FB6868
:1049D000DB6A7B61BB683B61FB6893F84030012B6D
:1049E00001D10223E2E0FB68012283F840203B6909
:1049F00003F02003002B09D07B6803F02003002B79
:104A000004D03969F86800F0CFFDCAE03B6903F0D3
:104A10001003002B4BD07B6803F01003002B46D013
:104A2000FB685B8D9BB2002B28D1FB6893F841306B
:104A3000DBB2282B08D17B69B3F1007F04D139693F
:104A4000F86800F015FF31E0FB6893F84130DBB205
:104A5000292B0ED17B6913F5803F0AD0FB681B68B8
:104A60001022DA61F86801F06EF8F86800F078FC5E
:104A70001CE0FB681B681022DA618FE0FB681B6892
:104A80001022DA61FB685B6C43F00402FB685A6435
:104A90007B69002B03D07B69B3F1807F7ED1FB68FB
:104AA0005B6C1946F86800F037FF77E076E03B6909
:104AB00003F00403002B2FD07B6803F00403002BCA
:104AC0002AD0FB685B8D9BB2002B18D0FB681B685B
:104AD0005A6AFB685B6AD2B21A70FB685B6A5A1C3E
:104AE000FB685A62FB681B8D013B9AB2FB681A8512
:104AF000FB685B8D9BB2013B9AB2FB685A85FB68F1
:104B00005B8D9BB2002B4BD17B6913F5803F47D067
:104B1000F86800F025FC43E03B6903F00803002B34
:104B200009D07B6803F00803002B04D03969F868CA
:104B300000F055FB35E03B6903F00203002B30D059
:104B40007B6803F00203002B2BD0FB685B8D9BB2CC
:104B5000002B18D0FB685B6A1A78FB681B689A62A6
:104B6000FB685B6A5A1CFB685A62FB685B8D9BB2F0
:104B7000013B9AB2FB685A85FB681B8D013B9AB2D8
:104B8000FB681A850DE07B69B3F1807F02D07B69F9
:104B9000002B06D1F86800F0E3FB02E000BF00E064
:104BA00000BFFB68002283F8402000231846183716
:104BB000BD4680BD80B588B002AFF860B9607A604C
:104BC000FB6893F84030012B01D10223E7E0FB683A
:104BD000012283F84020BB6803F01003002B16D09D
:104BE0007B6803F01003002B11D0FB681B681022B8
:104BF000DA61FB685B6C43F00402FB685A642021B5
:104C0000F86801F015F8F86800F09DFFC2E0BB6895
:104C100003F08003002B7FD07B6803F04003002B60
:104C20007AD0FB681B681A68FB681B6822F0400298
:104C30001A60FB685B8D9BB2002B5CD0FB681B6825
:104C40005B689BB2C3F309037B82FB685B8D9BB2FD
:104C5000FF2B14D9FB681B689B691B0CDBB203F0AC
:104C60000103DBB2012B03D1FB6801221A8502E0AC
:104C7000FB68FF221A854FF080737B6110E0FB68B0
:104C80005B8D9AB2FB681A85FB68DB6A13F5803F7F
:104C900003D0FB68DB6A7B6102E04FF000737B614D
:104CA000FB681B8DDAB2798A002300937B69F86870
:104CB00000F08CFFFB685B8D9AB2FB681B8DD31AEA
:104CC0009AB2FB685A85FB6893F84130DBB2222B1D
:104CD00008D1FB681B681A68FB681B6842F4004235
:104CE0001A6057E0FB681B681A68FB681B6842F48F
:104CF00080421A604EE0FB681B685B6803F000733B
:104D0000B3F1007F03D0F86800F0EDFA42E04021F3
:104D1000F86800F001FE3DE0BB6803F04003002BA3
:104D200028D07B6803F04003002B23D0FB685B8D09
:104D30009BB2002B19D1FB681B685B6803F0007302
:104D4000B3F1007F25D0FB68DB6A13F5803F08D103
:104D5000FB681B685A68FB681B6842F480425A6013
:104D600017E0F86800F0BFFA13E04021F86800F09F
:104D7000D3FD0EE0BB6803F02003002B0AD07B6854
:104D800003F02003002B05D0B968F86800F044FB5D
:104D900000E000BFFB68002283F840200023184693
:104DA0001837BD4680BD000080B588B002AFF860FE
:104DB000B9607A60904B7B61FB6893F84030012BBF
:104DC00001D102232FE1FB68012283F84020BB6858
:104DD00003F01003002B16D07B6803F01003002BA8
:104DE00011D0FB681B681022DA61FB685B6C43F032
:104DF0000402FB685A642021F86800F019FFF86883
:104E000000F0A1FE0AE1BB6803F00203002B0ED004
:104E10007B6803F00203002B09D0FB681B68FA686B
:104E2000126D9A62FB684FF0FF321A65F6E0BB68BC
:104E300003F08003002B6DD07B6803F04003002B50
:104E400068D00121F86800F077FF1021F86800F0C1
:104E5000EFFEFB685B8D9BB2002B56D0FB685B8D31
:104E60009BB2FF2B1ED9FB681B689B691B0CDBB236
:104E700003F00103DBB2012B03D1FB6801221A8589
:104E800002E0FB68FF221A85FB68DB6C99B2FB68C5
:104E90001B8DDAB2002300934FF08073F86800F0A6
:104EA00095FE11E0FB685B8D9AB2FB681A85FB6882
:104EB000DB6C99B2FB681B8DDAB2002300934FF0D4
:104EC0000073F86800F082FEFB685B8D9AB2FB68A5
:104ED0001B8DD31A9AB2FB685A85FB6893F8413050
:104EE000DBB2222B08D1FB681B681A68FB681B68C1
:104EF00042F400421A6091E0FB681B681A68FB6884
:104F00001B6842F480421A6088E04021F86800F093
:104F100003FD83E0BB6803F04003002B70D07B6887
:104F200003F04003002B6BD00121F86800F004FF70
:104F30001021F86800F07CFEFB6893F84130DBB28A
:104F4000222B01D12D4B7B61FB685B8D9BB2FF2B2C
:104F50001ED9FB681B689B691B0CDBB203F00103C5
:104F6000DBB2012B03D1FB6801221A8502E0FB684A
:104F7000FF221A85FB68DB6C99B2FB681B8DDAB2E5
:104F80007B6900934FF08073F86800F01FFE11E01A
:104F9000FB685B8D9AB2FB681A85FB68DB6C99B283
:104FA000FB681B8DDAB27B6900934FF00073F868E1
:104FB00000F00CFEFB685B8D9AB2FB681B8DD31A68
:104FC0009AB2FB685A85FB6893F84130DBB2222B1A
:104FD00008D1FB681B681A68FB681B6842F4004232
:104FE0001A601BE0FB681B681A68FB681B6842F4C8
:104FF00080421A6012E000BF002000800024008080
:10500000BB6803F02003002B08D07B6803F020036B
:10501000002B03D0B968F86800F0FEF9FB680022A5
:1050200083F84020002318461837BD4680BD00BFD6
:1050300080B588B000AFF860B9607A60FB68DB6A61
:10504000BB610023FB61FB6893F84030012B01D169
:105050000223C0E0FB68012283F84020BB6803F014
:105060002003002B09D07B6803F02003002B04D021
:10507000B968F86800F098FAA8E0BB6803F010037C
:10508000002B00F095807B6803F01003002B00F0EC
:105090008F807B6803F48043002B04D17B6803F48A
:1050A0000043002B7DD0FB68DB6B002B0CD07B68B2
:1050B00003F40043002B07D0FB68DB6B1B685B68C5
:1050C000002B01D10123FB61FB689B6B002B0CD0F3
:1050D0007B6803F48043002B07D0FB689B6B1B6845
:1050E0005B68002B01D10123FB61FB69012B28D1F7
:1050F000FB6893F84130DBB2282B08D1BB69B3F1D0
:10510000007F04D1B968F86800F0B2FB48E0FB68A2
:1051100093F84130DBB2292B0ED1BB6913F5803FE8
:105120000AD0FB681B681022DA61F86800F00BFDFA
:10513000F86800F015F933E0FB681B681022DA61AB
:1051400034E0FB681B681022DA61FB685B6C43F09B
:105150000402FB685A64FB6893F84130FB75BB6935
:10516000002B03D0BB69B3F1807F1FD1FB7D212BC6
:1051700002D0FB7D292B03D1FB6821221A6308E0B2
:10518000FB7D222B02D0FB7D2A2B02D1FB68222241
:105190001A63FB685B6C1946F86800F0BDFB05E01C
:1051A00004E0FB681B681022DA610FE000BF0DE02D
:1051B000BB6803F00803002B08D07B6803F00803EA
:1051C000002B03D0B968F86800F009F8FB680022EA
:1051D00083F84020002318462037BD4680BD80B5A7
:1051E00084B000AF786039607B6893F84130DBB2FF
:1051F00003F02803282B6AD17B681B689B691B0C72
:10520000DBB203F00103FB737B681B689B691B0C1B
:105210009BB203F0FE03BB817B681B689B689BB25B
:10522000C3F309037B817B681B68DB689BB203F0D7
:10523000FE033B817B68DB68022B38D17B89DB096D
:105240009AB2BB8953409BB203F00603002B1CD1DA
:105250007B89BB817B689B6C5A1C7B689A647B68EA
:105260009B6C022B3BD17B6800229A647B681B6895
:105270000822DA617B68002283F84020BA89FB7B30
:1052800019467868FFF767FB29E03B89BB814FF43B
:105290000041786800F050FD7B68002283F84020D0
:1052A000BA89FB7B19467868FFF755FB17E04FF486
:1052B0000041786800F040FD7B68002283F84020C0
:1052C000BA89FB7B19467868FFF745FB07E07B68E6
:1052D0001B680822DA617B68002283F8402000BF47
:1052E0001037BD4680BD80B582B000AF78607B6866
:1052F000002283F842207B6893F84130DBB2212BF7
:1053000015D17B68202283F841207B6811221A6323
:105310007B6800225A630121786800F00DFD7B68EC
:10532000002283F840207868FFF701FB14E07B68D7
:10533000202283F841207B6812221A637B680022B6
:105340005A630221786800F0F7FC7B68002283F83A
:1053500040207868FFF7F5FA00BF0837BD4680BDEA
:1053600080B584B000AF78607B681B681B68FB6009
:105370007B68002283F84220FB6803F48043002B03
:1053800008D07B681B681A687B681B6822F480421F
:105390001A600CE0FB6803F40043002B07D07B6825
:1053A0001B681A687B681B6822F400421A607B68DD
:1053B00093F84130DBB2292B12D17B68282283F885
:1053C00041207B6821221A630121786800F0B4FC37
:1053D0007B68002283F840207868FBF7B5FA17E075
:1053E0007B6893F84130DBB22A2B11D17B682822ED
:1053F00083F841207B6822221A630221786800F03A
:105400009BFC7B68002283F840207868FBF78CFACD
:1054100000BF1037BD4680BD80B586B000AF786054
:1054200039603B687B617B681B682022DA617B689E
:1054300093F84130DBB2212B07D10121786800F0CD
:105440007BFC7B6811221A630CE07B6893F8413087
:10545000DBB2222B06D10221786800F06DFC7B685C
:1054600012221A637B681B6859687B681A684C4B68
:105470000B4053607B6800225A637B68494ADA62BA
:105480007B6903F01003002B09D07B681B68102296
:10549000DA617B685B6C43F004027B685A647B686A
:1054A00093F84130DBB2602B0AD17B6903F004032F
:1054B000002B05D07B681B685B6ADBB2FB60FB6876
:1054C000786800F040FB7B685B6C3B617B6893F81D
:1054D0004130DBB2602B02D03B69002B06D07B68E9
:1054E0005B6C1946786800F017FA54E07B6893F813
:1054F0004130DBB2212B24D17B68202283F841206C
:105500007B6800221A637B6893F84230DBB2402B41
:105510000BD17B68002283F842207B68002283F84D
:1055200040207868FFF72FFA35E07B68002283F887
:1055300042207B68002283F840207868FFF7F7F963
:1055400029E07B6893F84130DBB2222B23D17B68C2
:10555000202283F841207B6800221A637B6893F83D
:105560004230DBB2402B0BD17B68002283F8422013
:105570007B68002283F840207868FFF70EFA0AE083
:105580007B68002283F842207B68002283F8402059
:105590007868FFF7D6F900BF1837BD4680BD00BF59
:1055A00000E800FE0000FFFF80B586B000AF786025
:1055B00039607B681B681B683B613B687B617B686B
:1055C000DB6AFB607B6893F84130FB727B681B6889
:1055D0002022DA61FB7A212B02D0FB7A292B08D119
:1055E00048F20101786800F0A7FB7B6821221A636A
:1055F00019E0FB7A222B02D0FB7A2A2B08D148F241
:105600000201786800F098FB7B6822221A630AE0A6
:10561000FB7A282B07D148F20301786800F08CFB55
:105620007B6800221A637B681B685A687B681B686A
:1056300042F400425A607B681B6859687B681A68AC
:10564000894B0B405360786800F07DFA3B6903F4A6
:105650008043002B13D07B681B681A687B681B682B
:1056600022F480421A607B689B6B002B1FD07B6802
:105670009B6B1B685B689AB27B685A8517E03B6935
:1056800003F40043002B12D07B681B681A687B6808
:105690001B6822F400421A607B68DB6B002B06D08B
:1056A0007B68DB6B1B685B689AB27B685A857B6999
:1056B00003F00403002B20D07B6923F004037B61FB
:1056C0007B681B685A6A7B685B6AD2B21A707B6817
:1056D0005B6A5A1C7B685A627B681B8D002B0CD05E
:1056E0007B681B8D013B9AB27B681A857B685B8D5A
:1056F0009BB2013B9AB27B685A857B685B8D9BB2FB
:10570000002B05D07B685B6C43F004027B685A6415
:105710007B6903F01003002B49D03B6903F01003B1
:10572000002B44D07B685B8D9BB2002B28D17B681B
:1057300093F84130DBB2282B08D1FB68B3F1007F2E
:1057400004D17969786800F093F830E07B6893F8C9
:105750004130DBB2292B0ED1FB6813F5803F0AD014
:105760007B681B681022DA61786800F0ECF97868D1
:10577000FFF7F6FD1BE07B681B681022DA6116E07C
:105780007B681B681022DA617B685B6C43F0040263
:105790007B685A64FB68002B03D0FB68B3F1807F01
:1057A00005D17B685B6C1946786800F0B5F87B68BA
:1057B000002283F842207B6800225A637B685B6C7E
:1057C000002B10D07B685B6C1946786800F0A4F859
:1057D0007B6893F84130DBB2282B41D17969786836
:1057E00000F046F83CE07B68DB6A13F5803F14D09C
:1057F0007868FFF7B5FD7B681C4ADA627B68202277
:1058000083F841207B6800221A637B68002283F8BA
:1058100040207868FFF7ADF822E07B6893F84130CC
:10582000DBB2222B0ED17B68202283F841207B68DB
:1058300000221A637B68002283F840207868FBF717
:1058400073F80DE07B68202283F841207B680022FA
:105850001A637B68002283F840207868FBF774F8AD
:1058600000BF1837BD4680BD00E800FE0000FFFF06
:1058700080B582B000AF786039607B68254ADA6213
:105880007B6800221A637B68202283F841207B68B2
:10589000002283F842207B6800225A633B6803F0B1
:1058A0000403002B22D07B681B685A6A7B685B6A02
:1058B000D2B21A707B685B6A5A1C7B685A627B683A
:1058C0001B8D002B12D07B681B8D013B9AB27B682D
:1058D0001A857B685B8D9BB2013B9AB27B685A85C7
:1058E0007B685B6C43F004027B685A6448F20301F6
:1058F000786800F021FA7B681B681022DA617B6807
:10590000002283F840207868FFF733F800BF08379B
:10591000BD4680BD0000FFFF80B584B000AF786059
:1059200039607B6893F84130FB737B68002283F811
:1059300042207B686D4ADA627B6800225A857B6868
:105940005A6C3B681A437B685A64FB7B282B05D052
:10595000FB7B292B02D0FB7B2A2B0BD10321786800
:1059600000F0EAF97B68282283F841207B68604ACE
:105970005A6330E048F20301786800F0DDF9786896
:1059800000F0E1F87B6893F84130DBB2602B1FD068
:105990007B68202283F841207B681B689B6903F0A9
:1059A0002003202B14D17B681B689B6903F0100334
:1059B000102B09D17B681B681022DA617B685B6C55
:1059C00043F004027B685A647B681B682022DA611A
:1059D0007B6800225A637B681B6BBB607B689B6B98
:1059E000002B39D0BB68112B02D0BB68212B33D1DF
:1059F0007B681B681B6803F48043B3F5804F07D1B5
:105A00007B681B681A687B681B6822F480421A60F6
:105A10007B689B6B1846FEF7BAFA0346012B17D03A
:105A20007B689B6B334A5A637B68002283F8402073
:105A30007B689B6B1846FEF7C9F90346002B4DD0D7
:105A40007B689B6B5B6B7A68926B1046984745E06E
:105A5000786800F051F841E07B68DB6B002B39D0AF
:105A6000BB68122B02D0BB68222B33D17B681B682A
:105A70001B6803F40043B3F5004F07D17B681B6834
:105A80001A687B681B6822F400421A607B68DB6B33
:105A90001846FEF77CFA0346012B17D07B68DB6BB8
:105AA000144A5A637B68002283F840207B68DB6BD2
:105AB0001846FEF78BF90346002B11D07B68DB6B91
:105AC0005B6B7A68D26B1046984709E0786800F003
:105AD00013F805E0786800F00FF802E000BF00E07E
:105AE00000BF00BF1037BD4680BD00BF0000FFFFF4
:105AF000C34900088F5B000880B582B000AF7860B2
:105B00007B6893F84130DBB2602B0ED17B6820229A
:105B100083F841207B6800221A637B68002283F8A7
:105B200040207868FEF743FF09E07B6800221A6393
:105B30007B68002283F840207868FAF71BFF00BFDB
:105B40000837BD4680BD80B483B000AF78607B6805
:105B50001B689B6903F00203022B03D17B681B685F
:105B600000229A627B681B689B6903F00103012B8A
:105B700007D07B681B689A697B681B6842F001024A
:105B80009A6100BF0C37BD465DF8047B704780B555
:105B900084B000AF78607B685B6AFB60FB689B6BDE
:105BA000002B03D0FB689B6B00225A63FB68DB6B06
:105BB000002B03D0FB68DB6B00225A63F868FFF709
:105BC0009BFF00BF1037BD4680BD000080B487B08A
:105BD00000AFF8607B600B467B8113467B727B894C
:105BE000C3F309027B7A1B0403F47F031A437B6827
:105BF0001A433B6A134323F000437B61FB681B6835
:105C00005A683B6A5B0D03F48061084B0B43DB432E
:105C100002EA0301FB681B687A690A435A6000BF05
:105C20001C37BD465DF8047B704700BFFF63FF0370
:105C300080B485B000AF78600B467B800023FB60AA
:105C40007B685B6B394A934232D07B685B6B384A26
:105C500093422DD07B685B6B364A934228D0B7F9CC
:105C60000230002B03DAFB6843F0B803FB607B884B
:105C700003F00103002B03D0FB6843F0F203FB6049
:105C80007B8803F00203002B03D0FB6843F0F4038E
:105C9000FB607B88102B03D1FB6843F09003FB6013
:105CA0007B88202B33D1FB6843F02003FB602EE080
:105CB000B7F90230002B03DAFB6843F0B803FB604E
:105CC0007B8803F00103002B03D0FB6843F0F20351
:105CD000FB607B8803F00203002B03D0FB6843F0DA
:105CE000F403FB607B88102B03D1FB6843F0900327
:105CF000FB607B88202B03D1FB6843F06003FB60D3
:105D00007B88402B03D1FB6843F04003FB607B683A
:105D10001B6819687B681B68FA680A431A6000BF31
:105D20001437BD465DF8047B704700BFB54B0008D3
:105D300031500008A94D000880B485B000AF7860EC
:105D40000B467B800023FB607B8803F00103002B64
:105D50000FD0FB6843F04203FB607B6893F841304F
:105D6000DBB203F02803282B03D0FB6843F0B00319
:105D7000FB607B8803F00203002B0FD0FB6843F02D
:105D80004403FB607B6893F84130DBB203F02803E7
:105D9000282B03D0FB6843F0B003FB60B7F9023057
:105DA000002B03DAFB6843F0B803FB607B88102B01
:105DB00003D1FB6843F09003FB607B88202B03D169
:105DC000FB6843F02003FB607B88402B03D1FB681A
:105DD00043F04003FB607B681B681968FB68DA438B
:105DE0007B681B680A401A6000BF1437BD465DF827
:105DF000047B704780B483B000AF786039607B6803
:105E000093F84130DBB2202B38D17B6893F84030D7
:105E1000012B01D1022332E07B68012283F840206C
:105E20007B68242283F841207B681B681A687B68A2
:105E30001B6822F001021A607B681B681A687B6885
:105E40001B6822F480521A607B681B6819687B68A3
:105E50001B683A680A431A607B681B681A687B688B
:105E60001B6842F001021A607B68202283F84120FF
:105E70007B68002283F84020002300E002231846BC
:105E80000C37BD465DF8047B704780B485B000AF29
:105E9000786039607B6893F84130DBB2202B39D1D0
:105EA0007B6893F84030012B01D1022333E07B68FB
:105EB000012283F840207B68242283F841207B68FC
:105EC0001B681A687B681B6822F001021A607B68F5
:105ED0001B681B68FB60FB6823F47063FB603B6816
:105EE0001B02FA681343FB607B681B68FA681A6040
:105EF0007B681B681A687B681B6842F001021A60A5
:105F00007B68202283F841207B68002283F84020B0
:105F1000002300E0022318461437BD465DF8047BD9
:105F20007047000080B5ADF5007D00AF07F5007348
:105F3000A3F5FE73186007F50073A3F5FE731B68E5
:105F4000002B02D1012301F023B807F50073A3F55C
:105F5000FE731B681B6803F00103002B00F07D81BA
:105F6000BC4B5B6803F00C03042B0CD0B94B5B6893
:105F700003F00C03082B5CD1B64B5B6803F4803351
:105F8000B3F5803F55D14FF40033C7F8F031D7F85F
:105F9000F03193FAA3F3C7F8EC31D7F8EC31B3FA48
:105FA00083F3DBB25B09DBB243F00103DBB2012B0D
:105FB00002D1A84B1B6815E04FF40033C7F8E83155
:105FC000D7F8E83193FAA3F3C7F8E4314FF400337C
:105FD000C7F8E031D7F8E03193FAA3F3C7F8DC3122
:105FE0009C4B5B6A4FF40032C7F8D821D7F8D82110
:105FF00092FAA2F2C7F8D421D7F8D421B2FA82F2E9
:10600000D2B242F02002D2B202F01F02012101FA04
:1060100002F21340002B00F01F8107F50073A3F577
:10602000FE731B685B68002B40F01681012300F0B3
:10603000AFBF07F50073A3F5FE731B685B68B3F58C
:10604000803F06D1834B1B68824A43F48033136040
:1060500036E007F50073A3F5FE731B685B68002B41
:106060000CD17C4B1B687B4A23F480331360794B43
:106070001B68784A23F48023136021E007F500733E
:10608000A3F5FE731B685B68B3F5A02F0CD1714BB1
:106090001B68704A43F4802313606E4B1B686D4A83
:1060A00043F4803313600BE06A4B1B68694A23F4A6
:1060B00080331360674B1B68664A23F480231360A8
:1060C000644BDB6A23F00F0207F50073A3F5FE7340
:1060D0001B689B685F491343CB6207F50073A3F508
:1060E000FE731B685B68002B59D0FBF7D5FCC7F823
:1060F000F8010AE0FBF7D0FC0246D7F8F831D31AD2
:10610000642B02D9032300F043BF4FF40033C7F8D8
:10611000D031D7F8D03193FAA3F3C7F8CC31D7F800
:10612000CC31B3FA83F3DBB25B09DBB243F001039A
:10613000DBB2012B02D1474B1B6815E04FF4003353
:10614000C7F8C831D7F8C83193FAA3F3C7F8C431F8
:106150004FF40033C7F8C031D7F8C03193FAA3F336
:10616000C7F8BC313B4B5B6A4FF40032C7F8B8212B
:10617000D7F8B82192FAA2F2C7F8B421D7F8B4211F
:10618000B2FA82F2D2B242F02002D2B202F01F0280
:10619000012101FA02F21340002BABD05DE0FBF7C6
:1061A0007BFCC7F8F8010AE0FBF776FC0246D7F85B
:1061B000F831D31A642B02D9032300F0E9BE4FF45F
:1061C0000033C7F8B031D7F8B03193FAA3F3C7F86A
:1061D000AC31D7F8AC31B3FA83F3DBB25B09DBB295
:1061E00043F00103DBB2012B02D11A4B1B6815E00F
:1061F0004FF40033C7F8A831D7F8A83193FAA3F3C6
:10620000C7F8A4314FF40033C7F8A031D7F8A03154
:1062100093FAA3F3C7F89C310E4B5B6A4FF400323C
:10622000C7F89821D7F8982192FAA2F2C7F89421DA
:10623000D7F89421B2FA82F2D2B242F02002D2B25E
:1062400002F01F02012101FA02F21340002BABD130
:1062500003E000BF0010024000BF07F50073A3F584
:10626000FE731B681B6803F00203002B00F07D81A6
:10627000A64B5B6803F00C03002B0BD0A34B5B68B1
:1062800003F00C03082B72D1A04B5B6803F480333E
:10629000002B6CD10223C7F89031D7F8903193FAD4
:1062A000A3F3C7F88C31D7F88C31B3FA83F3DBB2A0
:1062B0005B09DBB243F00103DBB2012B02D1934B4C
:1062C0001B6813E00223C7F88831D7F8883193FAA6
:1062D000A3F3C7F884310223C7F88031D7F880319F
:1062E00093FAA3F3C7F87C31884B5B6A0222C7F8A4
:1062F0007821D7F8782192FAA2F2C7F87421D7F85A
:106300007421B2FA82F2D2B242F02002D2B202F08A
:106310001F02012101FA02F21340002B0AD007F5F7
:106320000073A3F5FE731B681B69012B02D00123C8
:1063300000F02EBE754B1B6823F0F80207F50073C2
:10634000A3F5FE731B685B69F821C7F87011D7F8D5
:10635000701191FAA1F1C7F86C11D7F86C11B1FA6C
:1063600081F1C9B28B40694913430B60FDE007F529
:106370000073A3F5FE731B681B69002B00F0888077
:106380000123C7F86831D7F8683193FAA3F3C7F847
:106390006431D7F86431B3FA83F3DBB203F1845389
:1063A00003F584139B001A4601231360FBF774FB6B
:1063B000C7F8F8010AE0FBF76FFB0246D7F8F8319F
:1063C000D31A022B02D9032300F0E2BD0223C7F83F
:1063D0006031D7F8603193FAA3F3C7F85C31D7F88E
:1063E0005C31B3FA83F3DBB25B09DBB243F0010348
:1063F000DBB2012B02D1454B1B6813E00223C7F827
:106400005831D7F8583193FAA3F3C7F8543102231F
:10641000C7F85031D7F8503193FAA3F3C7F84C318D
:106420003A4B5B6A0222C7F84821D7F8482192FA12
:10643000A2F2C7F84421D7F84421B2FA82F2D2B2CC
:1064400042F02002D2B202F01F02012101FA02F250
:106450001340002BAFD02D4B1B6823F0F80207F53B
:106460000073A3F5FE731B685B69F821C7F8401140
:10647000D7F8401191FAA1F1C7F83C11D7F83C11B7
:10648000B1FA81F1C9B28B40204913430B606CE033
:106490000123C7F83831D7F8383193FAA3F3C7F896
:1064A0003431D7F83431B3FA83F3DBB203F18453D8
:1064B00003F584139B001A4600231360FBF7ECFAE4
:1064C000C7F8F8010AE0FBF7E7FA0246D7F8F83117
:1064D000D31A022B02D9032300F05ABD0223C7F8B6
:1064E0003031D7F8303193FAA3F3C7F82C31D7F80D
:1064F0002C31B3FA83F3DBB25B09DBB243F0010367
:10650000DBB2012B04D1014B1B6815E000100240E7
:106510000223C7F82831D7F8283193FAA3F3C7F834
:1065200024310223C7F82031D7F8203193FAA3F39E
:10653000C7F81C31C84B5B6A0222C7F81821D7F88C
:10654000182192FAA2F2C7F81421D7F81421B2FA4E
:1065500082F2D2B242F02002D2B202F01F02012136
:1065600001FA02F21340002BADD107F50073A3F539
:10657000FE731B681B6803F00803002B00F01081FA
:1065800007F50073A3F5FE731B689B69002B79D098
:106590000123C7F81031D7F8103193FAA3F3C7F8E5
:1065A0000C31D7F80C31B3FA83F3DBB21A46AB4B9C
:1065B00013449B001A4601231360FBF76DFAC7F8DA
:1065C000F8010AE0FBF768FA0246D7F8F831D31A67
:1065D000022B02D9032300F0DBBC0223C7F80831E9
:1065E000D7F8083193FAA3F3C7F8043107F500731D
:1065F000A3F5807302221A6007F50073A3F5807378
:106600001B6893FAA3F207F50073A3F582731A606F
:1066100007F50073A3F5847302221A6007F500736F
:10662000A3F584731B6893FAA3F207F50073A3F52F
:1066300086731A60884B5A6A07F50073A3F588734E
:106640000221196007F50073A3F588731B6893FA9C
:10665000A3F107F50073A3F58A73196007F50073BA
:10666000A3F58A731B68B3FA83F3DBB243F06003CC
:10667000DBB203F01F03012101FA03F31340002BE7
:10668000A0D08DE007F50073A3F58C7301221A608A
:1066900007F50073A3F58C731B6893FAA3F207F553
:1066A0000073A3F58E731A6007F50073A3F58E735C
:1066B0001B68B3FA83F3DBB21A46684B13449B00A2
:1066C0001A4600231360FBF7E7F9C7F8F8010AE060
:1066D000FBF7E2F90246D7F8F831D31A022B02D9B8
:1066E000032300F055BC07F50073A3F59073022255
:1066F0001A6007F50073A3F590731B6893FAA3F271
:1067000007F50073A3F592731A6007F50073A3F5FC
:10671000947302221A6007F50073A3F594731B6843
:1067200093FAA3F207F50073A3F596731A6007F5C1
:106730000073A3F5987302221A6007F50073A3F59E
:1067400098731B6893FAA3F207F50073A3F59A7385
:106750001A60414B5A6A07F50073A3F59C73022136
:10676000196007F50073A3F59C731B6893FAA3F1F6
:1067700007F50073A3F59E73196007F50073A3F581
:106780009E731B68B3FA83F3DBB243F06003DBB2A2
:1067900003F01F03012101FA03F31340002B97D1EB
:1067A00007F50073A3F5FE731B681B6803F0040371
:1067B000002B00F0A181002387F8FF31264BDB6915
:1067C00003F08053002B16D1234BDB69224A43F0A0
:1067D0008053D361204BDB6903F0805207F50073CF
:1067E000A3F5FC731A6007F50073A3F5FC731B682F
:1067F000012387F8FF311A4B1B6803F48073002BC9
:106800001AD1174B1B68164A43F480731360FBF7C9
:1068100043F9C7F8F80109E0FBF73EF90246D7F85B
:10682000F831D31A642B01D90323B1E30C4B1B6855
:1068300003F48073002BEFD007F50073A3F5FE730C
:106840001B68DB68012B0DD1034B1B6A024A43F026
:10685000010313623CE000BF001002402081901051
:106860000070004007F50073A3F5FE731B68DB683A
:10687000002B0CD1C14B1B6AC04A23F001031362E9
:10688000BE4B1B6ABD4A23F00403136220E007F5E8
:106890000073A3F5FE731B68DB68052B0CD1B74BA7
:1068A0001B6AB64A43F004031362B44B1B6AB34A33
:1068B00043F0010313620BE0B04B1B6AAF4A23F0B5
:1068C00001031362AD4B1B6AAC4A23F0040313624D
:1068D00007F50073A3F5FE731B68DB68002B00F05F
:1068E0008180FBF7D9F8C7F8F8010BE0FBF7D4F883
:1068F0000246D7F8F831D31A41F28832934201D9CF
:10690000032345E307F50073A3F5A07302221A6081
:1069100007F50073A3F5A0731B6893FAA3F207F5BC
:106920000073A3F5A2731A6007F50073A3F5A473AF
:1069300002221A6007F50073A3F5A4731B6893FA8B
:10694000A3F207F50073A3F5A6731A6007F50073A9
:10695000A3F5A6731B68B3FA83F3DBB25B09DBB262
:1069600043F00203DBB2022B02D1844B1B6A13E01B
:1069700007F50073A3F5A87302221A6007F50073E8
:10698000A3F5A8731B6893FAA3F207F50073A3F5A8
:10699000AA731A60794B5B6A07F50072A2F5AC72B4
:1069A0000221116007F50072A2F5AC72126892FA2A
:1069B000A2F107F50072A2F5AE72116007F5007240
:1069C000A2F5AE721268B2FA82F2D2B242F040027E
:1069D000D2B202F01F02012101FA02F21340002B91
:1069E00084D07FE0FBF758F8C7F8F8010BE0FBF71D
:1069F00053F80246D7F8F831D31A41F2883293425D
:106A000001D90323C4E207F50073A3F5B073022292
:106A10001A6007F50073A3F5B0731B6893FAA3F22D
:106A200007F50073A3F5B2731A6007F50073A3F5B9
:106A3000B47302221A6007F50073A3F5B4731B68E0
:106A400093FAA3F207F50073A3F5B6731A6007F57E
:106A50000073A3F5B6731B68B3FA83F3DBB25B096B
:106A6000DBB243F00203DBB2022B02D1434B1B6AC1
:106A700013E007F50073A3F5B87302221A6007F557
:106A80000073A3F5B8731B6893FAA3F207F50073BC
:106A9000A3F5BA731A60394B5B6A07F50072A2F569
:106AA000BC720221116007F50072A2F5BC72126877
:106AB00092FAA2F107F50072A2F5BE72116007F515
:106AC0000072A2F5BE721268B2FA82F2D2B242F03D
:106AD0004002D2B202F01F02012101FA02F2134079
:106AE000002B84D197F8FF31012B05D1234BDB69B3
:106AF000224A23F08053D36107F50073A3F5FE7398
:106B00001B68DB69002B00F042821C4B5B6803F0C2
:106B10000C03082B00F0138207F50073A3F5FE7336
:106B20001B68DB69022B40F0628107F50073A3F557
:106B3000C0734FF080721A6007F50073A3F5C0733D
:106B40001B6893FAA3F207F50073A3F5C2731A60EA
:106B500007F50073A3F5C2731B68B3FA83F3DBB2C6
:106B600003F1845303F584139B001A46002313603A
:106B7000FAF792FFC7F8F8010CE000BF00100240DE
:106B8000FAF78AFF0246D7F8F831D31A022B01D957
:106B90000323FDE107F50073A3F5C4734FF0007202
:106BA0001A6007F50073A3F5C4731B6893FAA3F288
:106BB00007F50073A3F5C6731A6007F50073A3F514
:106BC000C6731B68B3FA83F3DBB25B09DBB243F035
:106BD0000103DBB2012B02D1B04B1B6827E007F5A4
:106BE0000073A3F5C8734FF000721A6007F50073C5
:106BF000A3F5C8731B6893FAA3F207F50073A3F516
:106C0000CA731A6007F50073A3F5CC734FF00072D6
:106C10001A6007F50073A3F5CC731B6893FAA3F20F
:106C200007F50073A3F5CE731A609C4B5B6A07F5FA
:106C30000072A2F5D0724FF00071116007F500727A
:106C4000A2F5D072126892FAA2F107F50072A2F5CD
:106C5000D272116007F50072A2F5D2721268B2FA10
:106C600082F2D2B242F02002D2B202F01F0201211F
:106C700001FA02F21340002B82D1884B5B6823F4A7
:106C8000741207F50073A3F5FE731B68596A07F5C4
:106C90000073A3F5FE731B681B6A0B437F49134304
:106CA0004B6007F50073A3F5D4734FF080721A6040
:106CB00007F50073A3F5D4731B6893FAA3F207F5E5
:106CC0000073A3F5D6731A6007F50073A3F5D673A6
:106CD0001B68B3FA83F3DBB203F1845303F5841327
:106CE0009B001A4601231360FAF7D6FEC7F8F80195
:106CF00009E0FAF7D1FE0246D7F8F831D31A022B91
:106D000001D9032344E107F50073A3F5D8734FF0CD
:106D100000721A6007F50073A3F5D8731B6893FA25
:106D2000A3F207F50073A3F5DA731A6007F5007391
:106D3000A3F5DA731B68B3FA83F3DBB25B09DBB24A
:106D400043F00103DBB2012B02D1544B1B6827E057
:106D500007F50073A3F5DC734FF000721A6007F5B6
:106D60000073A3F5DC731B6893FAA3F207F50073B5
:106D7000A3F5DE731A6007F50073A3F5E0734FF017
:106D800000721A6007F50073A3F5E0731B6893FAAD
:106D9000A3F207F50073A3F5E2731A603F4B5B6A39
:106DA00007F50072A2F5E4724FF00071116007F56B
:106DB0000072A2F5E472126892FAA2F107F500726D
:106DC000A2F5E672116007F50072A2F5E67212688C
:106DD000B2FA82F2D2B242F02002D2B202F01F0224
:106DE000012101FA02F21340002B82D0CFE007F517
:106DF0000073A3F5E8734FF080721A6007F5007313
:106E0000A3F5E8731B6893FAA3F207F50073A3F5E3
:106E1000EA731A6007F50073A3F5EA731B68B3FA07
:106E200083F3DBB203F1845303F584139B001A460A
:106E300000231360FAF730FEC7F8F80109E0FAF70B
:106E40002BFE0246D7F8F831D31A022B01D90323BF
:106E50009EE007F50073A3F5EC734FF000721A6023
:106E600007F50073A3F5EC731B6893FAA3F207F51B
:106E70000073A3F5EE731A6007F50073A3F5EE73C4
:106E80001B68B3FA83F3DBB25B09DBB243F00103A7
:106E9000DBB2012B04D1014B1B6829E0001002403A
:106EA00007F50073A3F5F0734FF000721A6007F551
:106EB0000073A3F5F0731B6893FAA3F207F5007350
:106EC000A3F5F2731A6007F50073A3F5F4734FF09E
:106ED00000721A6007F50073A3F5F4731B6893FA48
:106EE000A3F207F50073A3F5F6731A602B4B5B6AE8
:106EF00007F50072A2F5F8724FF00071116007F506
:106F00000072A2F5F872126892FAA2F107F5007207
:106F1000A2F5FA72116007F50072A2F5FA72126812
:106F2000B2FA82F2D2B242F02002D2B202F01F02D2
:106F3000012101FA02F21340002B80D127E007F56E
:106F40000073A3F5FE731B68DB69012B01D10123DC
:106F50001EE0124B5B68C7F8F431D7F8F43103F444
:106F6000803207F50073A3F5FE731B681B6A9A4213
:106F70000BD1D7F8F43103F4701207F50073A3F5C1
:106F8000FE731B685B6A9A4201D0012300E0002374
:106F9000184607F50077BD4680BD00BF00100240CF
:106FA00080B59EB000AF7860396000237B677B6856
:106FB000002B01D1012362E1904B1B6803F0070312
:106FC0003A689A4210D98D4B1B6823F007028B490F
:106FD0003B6813430B60894B1B6803F007033A6857
:106FE0009A4201D001234AE17B681B6803F0020347
:106FF000002B08D0824B5B6823F0F0027B689B6813
:107000007F4913434B607B681B6803F00103002B2F
:1070100000F0DC807B685B68012B3CD14FF40033CF
:107020003B673B6F93FAA3F3FB66FB6EB3FA83F304
:10703000DBB25B09DBB243F00103DBB2012B02D10F
:107040006F4B1B680FE04FF40033BB66BB6E93FAC7
:10705000A3F37B664FF400333B663B6E93FAA3F3D6
:10706000FB65674B5B6A4FF40032BA65BA6D92FA02
:10707000A2F27A657A6DB2FA82F2D2B242F02002BE
:10708000D2B202F01F02012101FA02F21340002BDA
:107090007BD10123F3E07B685B68022B3CD14FF08E
:1070A00000733B653B6D93FAA3F3FB64FB6CB3FA8F
:1070B00083F3DBB25B09DBB243F00103DBB2012BEC
:1070C00002D14F4B1B680FE04FF00073BB64BB6CE9
:1070D00093FAA3F37B644FF000733B643B6C93FA29
:1070E000A3F3FB63464B5B6A4FF00072BA63BA6B63
:1070F00092FAA2F27A637A6BB2FA82F2D2B242F0D8
:107100002002D2B202F01F02012101FA02F2134062
:10711000002B3AD10123B2E002233B633B6B93FA8D
:10712000A3F3FB62FB6AB3FA83F3DBB25B09DBB266
:1071300043F00103DBB2012B02D1314B1B680DE0A0
:107140000223BB62BB6A93FAA3F37B6202233B6216
:107150003B6A93FAA3F3FB61294B5B6A0222BA6193
:10716000BA6992FAA2F27A617A69B2FA82F2D2B27A
:1071700042F02002D2B202F01F02012101FA02F213
:107180001340002B01D1012379E01D4B5B6823F0F4
:1071900003027B685B681A4913434B60FAF77CFC77
:1071A00078670AE0FAF778FC02467B6FD31A41F25F
:1071B0008832934201D9032361E0114B5B6803F0ED
:1071C0000C027B685B689B009A42EBD10B4B1B68FF
:1071D00003F007033A689A4214D2084B1B6823F065
:1071E000070206493B6813430B60044B1B6803F01E
:1071F00007033A689A4205D0012340E0002002408C
:10720000001002407B681B6803F00403002B08D0C9
:107210001D4B5B6823F4E0627B68DB681A4913430B
:107220004B607B681B6803F00803002B09D0164BEA
:107230005B6823F460527B681B69DB0012491343CF
:107240004B6000F029F801460F4B5B6803F0F00338
:10725000F0223A613A6992FAA2F2FA60FA68B2FA56
:1072600082F2D2B2D340094AD35C21FA03F3084A2E
:107270001360084B1B681846FAF7AAFA0023184651
:107280007837BD4680BD00BF0010024074B50008CD
:10729000040000200800002080B487B000AF002365
:1072A000FB600023BB6000237B6100237B60002325
:1072B0003B611E4B5B68FB60FB6803F00C03042B17
:1072C00002D0082B03D026E0194B3B6126E0FB6877
:1072D0009B0C03F00F03174AD35C7B60134BDB6AF4
:1072E00003F00F03144AD35CBB60FB6803F48033E4
:1072F000002B08D00E4ABB68B2FBF3F27B6802FB9E
:1073000003F37B6104E07B680C4A02FB03F37B61BF
:107310007B693B6102E0064B3B6100BF3B6918465D
:107320001C37BD465DF8047B704700BF001002406B
:1073300000127A008CB500089CB5000800093D00D9
:1073400080B400AF034B1B681846BD465DF8047B54
:10735000704700BF0400002080B582B000AFFFF787
:10736000EFFF01460B4B5B6803F4E0634FF4E06210
:107370007A607A6892FAA2F23A603A68B2FA82F2D5
:10738000D2B2D340044AD35C21FA03F3184608373B
:10739000BD4680BD0010024084B5000880B582B0B3
:1073A00000AFFFF7CDFF01460B4B5B6803F4605362
:1073B0004FF460527A607A6892FAA2F23A603A68C0
:1073C000B2FA82F2D2B2D340044AD35C21FA03F378
:1073D00018460837BD4680BD0010024084B500083D
:1073E00080B483B000AF786039607B680F221A6088
:1073F000124B5B6803F003027B685A600F4B5B68BB
:1074000003F0F0027B689A600C4B5B6803F4E06267
:107410007B68DA60094B5B68DB0803F4E0627B6839
:107420001A61074B1B6803F007023B681A6000BF34
:107430000C37BD465DF8047B704700BF001002406A
:107440000020024080B592B000AF786000233B641A
:107450000023FB63002387F847307B681B6803F435
:107460008033002B00F0CD808E4BDB6903F080531E
:10747000002B0ED18B4BDB698A4A43F08053D361DA
:10748000884BDB6903F08053BB60BB68012387F83E
:107490004730854B1B6803F48073002B18D1824B57
:1074A0001B68814A43F480731360FAF7F5FA386475
:1074B00008E0FAF7F1FA02463B6CD31A642B01D9C3
:1074C0000323EAE0784B1B6803F48073002BF0D0B1
:1074D000744B1B6A03F44073FB63FB6B002B7DD082
:1074E0007B685B6803F44073FA6B9A4276D06D4B0D
:1074F0001B6A23F44073FB634FF480333B633B6BA5
:1075000093FAA3F3FB62FB6AB3FA83F3DBB21A4686
:10751000664B13449B001A46012313604FF48033DB
:10752000BB63BB6B93FAA3F37B637B6BB3FA83F30D
:10753000DBB21A465D4B13449B001A4600231360CE
:10754000584AFB6B1362FB6B03F00103002B45D021
:10755000FAF7A2FA38640AE0FAF79EFA02463B6CA0
:10756000D31A41F28832934201D9032395E00223D2
:10757000BB62BB6A93FAA3F37B6202233B623B6A62
:1075800093FAA3F3FB61FB69B3FA83F3DBB25B0904
:10759000DBB243F00203DBB2022B02D1414B1B6A88
:1075A00007E00223BB61BB6993FAA3F37B613D4B08
:1075B0005B6A02223A613A6992FAA2F2FA60FA68C8
:1075C000B2FA82F2D2B242F04002D2B202F01F020C
:1075D000012101FA02F21340002BBDD0314B1B6A8E
:1075E00023F440727B685B682E4913430B6297F863
:1075F0004730012B05D12B4BDB692A4A23F08053FE
:10760000D3617B681B6803F00103002B08D0254B76
:107610001B6B23F003027B689B68224913430B63B7
:107620007B681B6803F02003002B08D01D4B1B6BED
:1076300023F010027B68DB681A4913430B637B68F5
:107640001B6803F08003002B08D0164BDB6A23F481
:10765000F8727B681B6913491343CB627B681B6814
:1076600003F48053002B08D00E4B1B6B23F4807265
:107670007B685B690B4913430B637B681B6803F4EE
:107680008043002B08D0074B1B6B23F480527B6890
:107690009B69044913430B63002318464837BD46D2
:1076A00080BD00BF001002400070004000819010BB
:1076B00080B582B000AF78607B68002B01D10123D8
:1076C00049E07B6893F83D30DBB2002B06D17B6844
:1076D000002283F83C20786800F041F87B680222A1
:1076E00083F83D207B681A687B680433194610468E
:1076F00000F0C6F97B68012283F848207B680122EC
:1077000083F83E207B68012283F83F207B680122BA
:1077100083F840207B68012283F841207B680122A6
:1077200083F842207B68012283F843207B68012292
:1077300083F844207B68012283F845207B6801227E
:1077400083F846207B68012283F847207B6801226A
:1077500083F83D20002318460837BD4680BD80B41D
:1077600083B000AF786000BF0C37BD465DF8047B86
:107770007047000080B485B000AF78607B6893F8F4
:107780003D30DBB2012B01D0012340E07B680222B7
:1077900083F83D207B681B68DA687B681B6842F0D1
:1077A0000102DA607B681B681C4A93420ED07B683A
:1077B0001B68B3F1804F09D07B681B68184A93425D
:1077C00004D07B681B68174A934215D17B681B68FD
:1077D0009A68154B1340FB60FB68062B15D0FB68BD
:1077E000B3F5803F11D07B681B681A687B681B6803
:1077F00042F001021A6008E07B681B681A687B6827
:107800001B6842F001021A6000E000BF0023184626
:107810001437BD465DF8047B704700BF002C014063
:1078200000040040004001400700010080B584B022
:1078300000AF78607B681B68DB68FB607B681B6857
:107840001B69BB60BB6803F00203002B20D0FB6800
:1078500003F00203002B1BD07B681B686FF0020251
:107860001A617B6801221A777B681B689B6903F0A9
:107870000303002B03D0786800F0E4F805E0786893
:1078800000F0D6F8786800F0E7F87B6800221A77F5
:10789000BB6803F00403002B20D0FB6803F0040353
:1078A000002B1BD07B681B686FF004021A617B6899
:1078B00002221A777B681B689B6903F44073002BD4
:1078C00003D0786800F0BEF805E0786800F0B0F802
:1078D000786800F0C1F87B6800221A77BB6803F073
:1078E0000803002B20D0FB6803F00803002B1BD0FB
:1078F0007B681B686FF008021A617B6804221A77A4
:107900007B681B68DB6903F00303002B03D07868F6
:1079100000F098F805E0786800F08AF8786800F0E0
:107920009BF87B6800221A77BB6803F01003002BDA
:1079300020D0FB6803F01003002B1BD07B681B6872
:107940006FF010021A617B6808221A777B681B6847
:10795000DB6903F44073002B03D0786800F072F801
:1079600005E0786800F064F8786800F075F87B68E6
:1079700000221A77BB6803F00103002B0CD0FB68D0
:1079800003F00103002B07D07B681B686FF0010236
:107990001A617868F9F780FCBB6803F08003002B5C
:1079A0000CD0FB6803F08003002B07D07B681B68BA
:1079B0006FF080021A61786800F0F0F8BB6803F499
:1079C0008073002B0CD0FB6803F08003002B07D0E2
:1079D0007B681B686FF480721A61786800F0E8F8C1
:1079E000BB6803F04003002B0CD0FB6803F040039E
:1079F000002B07D07B681B686FF040021A61786823
:107A000000F034F8BB6803F02003002B0CD0FB68B7
:107A100003F02003002B07D07B681B686FF0200267
:107A20001A61786800F0B0F800BF1037BD4680BD1D
:107A300080B483B000AF786000BF0C37BD465DF8FE
:107A4000047B704780B483B000AF786000BF0C3710
:107A5000BD465DF8047B704780B483B000AF7860AA
:107A600000BF0C37BD465DF8047B704780B483B01F
:107A700000AF786000BF0C37BD465DF8047B7047EF
:107A800080B485B000AF786039607B681B68FB60AC
:107A90007B68384A934207D07B68B3F1804F03D0AC
:107AA0007B68354A934208D1FB6823F07003FB6082
:107AB0003B685B68FA681343FB607B682D4A93421E
:107AC00013D07B68B3F1804F0FD07B682A4A934272
:107AD0000BD07B68294A934207D07B68284A93429F
:107AE00003D07B68274A934208D1FB6823F4407394
:107AF000FB603B68DB68FA681343FB60FB6823F0BC
:107B000080023B685B691343FB607B68FA681A601C
:107B10003B689A687B68DA623B681A687B689A629D
:107B20007B68144A93420BD07B68144A934207D077
:107B30007B68134A934203D07B68124A934203D175
:107B40003B681A697B681A637B6801225A617B680B
:107B50001B6903F00103012B05D17B681B6923F02E
:107B600001027B681A6100BF1437BD465DF8047BD3
:107B7000704700BF002C014000040040004001405D
:107B8000004401400048014080B483B000AF7860F9
:107B900000BF0C37BD465DF8047B704780B483B0EE
:107BA00000AF786000BF0C37BD465DF8047B7047BE
:107BB00080B483B000AF786000BF0C37BD465DF87D
:107BC000047B704780B582B000AF78607B68002B83
:107BD00001D1012340E07B68DB6F002B06D17B687D
:107BE000002283F878207868F9F7AEFD7B682422BC
:107BF000DA677B681B681A687B681B6822F00102E1
:107C00001A607B685B6A002B02D0786800F05EF92E
:107C1000786800F025F80346012B01D101231BE011
:107C20007B681B685A687B681B6822F490425A6024
:107C30007B681B689A687B681B6822F02A029A603E
:107C40007B681B681A687B681B6842F001021A6037
:107C5000786800F0DDF9034618460837BD4680BD58
:107C600080B588B000AF78600023BB777B689A68E6
:107C70007B681B691A437B685B691A437B68DB6915
:107C800013437B617B681B681A688A4B13407A68D0
:107C9000126879690B4313607B681B685B6823F487
:107CA00040517B68DA687B681B680A435A607B68CE
:107CB0009B697B617B681B6A7A6913437B617B6884
:107CC0001B689B6823F430617B681B687A690A43F0
:107CD0009A607B681B68784A934220D1774B1B6B74
:107CE00003F00303032B17D801A252F823F000BFBF
:107CF000017D00080D7D0008137D0008077D000848
:107D00000023FB771DE00223FB771AE00423FB77B7
:107D100017E00823FB7714E01023FB7711E07B6862
:107D20001B68674A934202D10023FB7709E07B6816
:107D30001B68644A934202D10023FB7701E01023C1
:107D4000FB777B68DB69B3F5004F5AD1FB7F082BCB
:107D500027D801A252F823F07D7D0008857D000818
:107D60008D7D0008A37D0008937D0008A37D000899
:107D7000A37D0008A37D00089B7D0008FFF7ECFAB7
:107D8000B86113E0FFF70AFBB8610FE04E4BBB612F
:107D90000CE0FFF781FAB86108E04FF40043BB61E3
:107DA00004E00023BB610123BB7700BFBB69002B4C
:107DB00074D0BB695A007B685B685B081A447B68B7
:107DC0005B68B2FBF3F33B613B690F2B16D93B6950
:107DD000B3F5803F12D23B699BB223F00F03FB81C6
:107DE0003B695B089BB203F007039AB2FB8913431C
:107DF000FB817B681B68FA89DA604FE00123BB775F
:107E00004CE0FB7F082B28D801A252F823F000BFDA
:107E1000357E00083D7E0008457E00085B7E000838
:107E20004B7E00085B7E00085B7E00085B7E0008DE
:107E3000537E0008FFF790FAB86113E0FFF7AEFA3F
:107E4000B8610FE0204BBB610CE0FFF725FAB86189
:107E500008E04FF40043BB6104E00023BB61012351
:107E6000BB7700BFBB69002B18D07B685B685A08E2
:107E7000BB691A447B685B68B2FBF3F33B613B6907
:107E80000F2B09D93B69B3F5803F05D23B699AB204
:107E90007B681B68DA6001E00123BB777B68002206
:107EA0009A667B680022DA66BB7F18462037BD469B
:107EB00080BD00BFF369FFEF0038014000100240B1
:107EC000004400400048004000127A0080B483B0B3
:107ED00000AF78607B685B6A03F00803002B0AD070
:107EE0007B681B685B6823F400417B685A6B7B6886
:107EF0001B680A435A607B685B6A03F00103002B2E
:107F00000AD07B681B685B6823F400317B689A6A3F
:107F10007B681B680A435A607B685B6A03F0020354
:107F2000002B0AD07B681B685B6823F480317B6878
:107F3000DA6A7B681B680A435A607B685B6A03F0F5
:107F40000403002B0AD07B681B685B6823F4802144
:107F50007B681A6B7B681B680A435A607B685B6AA4
:107F600003F01003002B0AD07B681B689B6823F486
:107F700080517B689A6B7B681B680A439A607B68B8
:107F80005B6A03F02003002B0AD07B681B689B68A8
:107F900023F400517B68DA6B7B681B680A439A60A4
:107FA0007B685B6A03F04003002B1AD07B681B6878
:107FB0005B6823F480117B681A6C7B681B680A433A
:107FC0005A607B681B6CB3F5801F0AD17B681B6805
:107FD0005B6823F4C0017B685A6C7B681B680A43AA
:107FE0005A607B685B6A03F08003002B0AD07B68D1
:107FF0001B685B6823F400217B689A6C7B681B68B4
:108000000A435A6000BF0C37BD465DF8047B7047D9
:1080100080B598B002AF78607B680022C3F88420F6
:10802000F9F73AFD78657B681B681B6803F0080365
:10803000082B2ED16FF07E4300937B6D00224FF40E
:108040000011786800F08CF80346002B21D07B6883
:108050001B68BB63BB6B53E8003F7B637B6B23F008
:1080600080033B657B681B681A463B6D7B643A6402
:10807000396C7A6C41E80023FB63FB6B002BE6D183
:108080007B682022DA677B68002283F8782003234C
:1080900062E07B681B681B6803F00403042B49D172
:1080A0006FF07E4300937B6D00224FF4800178686F
:1080B00000F056F80346002B3CD07B681B687B62BF
:1080C0007B6A53E8003F3B623B6A23F49073FB6496
:1080D0007B681B681A46FB6C3B63FA62F96A3A6B71
:1080E00041E80023BB62BB6A002BE6D17B681B68BA
:1080F00008333B613B6953E8003FFB60FB6823F0BA
:108100000103BB647B681B680833BA6CFA61BB610E
:10811000B969FA6941E800237B617B69002BE5D1ED
:108120007B682022C3F880207B68002283F87820B7
:10813000032311E07B682022DA677B682022C3F8E2
:1081400080207B6800221A667B6800225A667B6862
:10815000002283F87820002318465837BD4680BD9A
:1081600080B584B000AFF860B9603B601346FB7126
:108170004FE0BB69B3F1FF3F4BD0F9F78DFC0246EE
:108180003B68D31ABA699A4202D3BB69002B01D16A
:1081900003234EE0FB681B681B6803F00403002BFD
:1081A00037D0BB68802B34D0BB68402B31D0FB6804
:1081B0001B68DB6903F00803082B10D1FB681B6800
:1081C00008221A62F86800F038F8FB680822C3F841
:1081D0008420FB68002283F87820012329E0FB68D3
:1081E0001B68DB6903F40063B3F5006F11D1FB6812
:1081F0001B684FF400621A62F86800F01EF8FB6812
:108200002022C3F88420FB68002283F8782003230F
:108210000FE0FB681B68DA69BB681340BA689A42D2
:108220000CBF01230023DBB21A46FB799A42A0D08F
:10823000002318461037BD4680BD80B495B000AF0E
:1082400078607B681B687B637B6B53E8003F3B6314
:108250003B6B23F49073FB647B681B681A46FB6CD2
:108260003B64FA63F96B3A6C41E80023BB63BB6B78
:10827000002BE6D17B681B6808333B623B6A53E8FE
:10828000003FFB61FB6923F00103BB647B681B6853
:108290000833BA6CFA62BB62B96AFA6A41E8002331
:1082A0007B627B6A002BE5D17B681B6E012B18D1AA
:1082B0007B681B68FB60FB6853E8003FBB60BB68E2
:1082C00023F010037B647B681B681A467B6CBB61E0
:1082D0007A617969BA6941E800233B613B69002B07
:1082E000E6D17B682022C3F880207B6800221A66D2
:1082F0007B6800229A6600BF5437BD465DF8047B58
:108300007047000080B485B000AFEFF30583BB6019
:10831000BB68002B0FD1EFF310837B607B68002BD1
:1083200009D1114B1B68022B09D1EFF311833B607C
:108330003B68002B03D06FF00503FB600CE00A4B99
:108340001B68002B05D1084B01221A600023FB603B
:1083500002E04FF0FF33FB60FB6818461437BD4660
:108360005DF8047B704700BFD003002080B584B067
:1083700000AFEFF30583BB60BB68002B0FD1EFF3B9
:1083800010837B607B68002B09D1114B1B68022B8B
:1083900009D1EFF311833B603B68002B03D06FF0F2
:1083A0000503FB600EE00A4B1B68012B07D1084B4D
:1083B00002221A6001F0DCFA0023FB6002E04FF0B9
:1083C000FF33FB60FB6818461037BD4680BD00BF19
:1083D000D003002080B592B004AFF860B9607A6035
:1083E00000237B61EFF305837B627B6A002B40F007
:1083F0009480EFF310833B623B6A002B40F08D804A
:10840000484B1B68022B06D1EFF31183FB61FB691C
:10841000002B40F08280FB68002B7ED080233B63E2
:108420001823FB620023FB7607F11B037B634FF0ED
:10843000FF33BB627B68002B45D07B681B68002B39
:1084400002D07B681B687B637B689B69002B02D032
:108450007B689B69FB62FB6A002B08D0FB6A382BA8
:1084600005D87B685B6803F00103002B01D0002373
:1084700054E07B685B69002B03D07B685B699B08D9
:108480003B637B689B68002B0ED07B68DB68A72B67
:108490000AD97B681B69002B06D07B685B69002BBF
:1084A00002D00123BB6210E07B689B68002B0CD1DB
:1084B0007B68DB68002B08D17B681B69002B04D12B
:1084C0000023BB6201E00023BB62BB6A012B10D119
:1084D0007B681B697A68926802920193FB6A009339
:1084E000BB683A6B796BF86801F058F803467B611A
:1084F00013E0BB6A002B10D13B6B9AB207F1140357
:108500000193FB6A0093BB68796BF86801F0A5F8EA
:108510000346012B01D000237B617B691846383765
:10852000BD4680BDD003002080B586B000AF786026
:10853000EFF305833B613B69002B0FD1EFF3108311
:10854000FB60FB68002B09D10D4B1B68022B09D186
:10855000EFF31183BB60BB68002B03D06FF0050302
:108560007B6107E000237B617B68002B02D0786889
:1085700001F0C8F97B6918461837BD4680BD00BFB9
:10858000D003002080B58CB002AFF860B9607A608B
:1085900000237B62EFF30583BB61BB69002B6FD1C6
:1085A000EFF310837B617B69002B69D1374B1B682C
:1085B000022B05D1EFF311833B613B69002B5FD1A7
:1085C000FB68002B5CD0BB68002B59D04FF0FF3309
:1085D0003B627B68002B29D07B689B68002B12D004
:1085E0007B68DB684F2B0ED97B681B69002B0AD098
:1085F0007B685A69FB68B96801FB03F39A4202D3AE
:1086000001233B6214E07B689B68002B10D17B68E0
:10861000DB68002B0CD17B681B69002B08D17B68C1
:108620005B69002B04D100233B6201E000233B6225
:108630003B6A012B0BD17B681A697B689B68002120
:108640000091B968F86800F05BFA786208E03B6A6C
:10865000002B05D10022B968F86800F0CDFA7862E5
:108660007B6A002B0CD07B68002B03D07B681B68D7
:10867000FB6101E00023FB61F969786A00F030FFDB
:108680007B6A18462837BD4680BD00BFD003002056
:1086900080B58AB000AFF860B9603B601346FB71EB
:1086A000FB683B6200237B62EFF30583FB61FB69A0
:1086B000002B0FD1EFF31083BB61BB69002B09D1F5
:1086C0002B4B1B68022B2ED1EFF311837B617B694F
:1086D000002B28D03B6A002B05D0BB68002B02D0B2
:1086E0003B68002B03D06FF003037B6239E000236B
:1086F0003B6107F110020023B968386A00F0E0FB23
:108700000346012B03D06FF002037B6229E03B6933
:10871000002B26D0174B4FF080521A60BFF34F8FBB
:10872000BFF36F8F1DE03B6A002B02D0BB68002BAC
:1087300003D16FF003037B6214E000233A68B96849
:10874000386A00F0BBFA0346012B0BD03B68002BC4
:1087500003D06FF001037B6204E06FF002037B62E1
:1087600000E000BF7B6A18462837BD4680BD00BFC9
:10877000D003002004ED00E080B58AB000AFF860BF
:10878000B9607A603B60FB683B6200237B62EFF379
:108790000583FB61FB69002B0FD1EFF31083BB61F5
:1087A000BB69002B09D12B4B1B68022B2ED1EFF399
:1087B00011837B617B69002B28D03B6A002B05D09D
:1087C000BB68002B02D03B68002B03D06FF0030383
:1087D0007B6238E000233B6107F110031A46B96859
:1087E000386A00F0EBFC0346012B03D06FF0020364
:1087F0007B6228E03B69002B25D0174B4FF080525D
:108800001A60BFF34F8FBFF36F8F1CE03B6A002BE2
:1088100002D0BB68002B03D16FF003037B6213E02F
:108820003A68B968386A00F0E7FB0346012B0BD0C1
:108830003B68002B03D06FF001037B6204E06FF014
:1088400002037B6200E000BF7B6A18462837BD4602
:1088500080BD00BFD003002004ED00E080B485B0EF
:1088600000AFF860B9607A60FB68074A1A60BB68BD
:10887000064A1A607B6880221A6000BF1437BD4622
:108880005DF8047B704700BFD40300207C04002007
:1088900080B485B000AFF860B9607A60FB68074AC1
:1088A0001A60BB68064A1A607B684FF480721A60CF
:1088B00000BF1437BD465DF8047B70477C0600207E
:1088C0002407002080B483B000AF78607B6803F198
:1088D00008027B685A607B684FF0FF329A607B68C1
:1088E00003F108027B68DA607B6803F108027B68A9
:1088F0001A617B6800221A6000BF0C37BD465DF824
:10890000047B704780B483B000AF78607B6800223E
:108910001A6100BF0C37BD465DF8047B704780B418
:1089200085B000AF786039607B685B68FB603B684E
:10893000FA685A60FB689A683B689A60FB689B68B3
:108940003A685A60FB683A689A603B687A681A61CC
:108950007B681B685A1C7B681A6000BF1437BD46D1
:108960005DF8047B704780B485B000AF78603960F3
:108970003B681B68BB60BB68B3F1FF3F03D17B68FA
:108980001B69FB600CE07B680833FB6002E0FB685E
:108990005B68FB60FB685B681B68BA689A42F6D24A
:1089A000FB685A683B685A603B685B683A689A6043
:1089B0003B68FA689A60FB683A685A603B687A6874
:1089C0001A617B681B685A1C7B681A6000BF1437E9
:1089D000BD465DF8047B704780B485B000AF786019
:1089E0007B681B69FB607B685B687A6892689A6049
:1089F0007B689B687A6852685A60FB685B687A6833
:108A00009A4203D17B689A68FB685A607B680022AF
:108A10001A61FB681B685A1EFB681A60FB681B68BA
:108A200018461437BD465DF8047B704780B584B0A6
:108A300000AF786039607B68FB60FB68002B0BD16E
:108A40004FF0500383F31188BFF36F8FBFF34F8F45
:108A5000BB6000BF00BFFDE702F02EF9FB681A689B
:108A6000FB68DB6BF968096C01FB03F31A44FB68D4
:108A70005A60FB6800229A63FB681A68FB689A6078
:108A8000FB681A68FB68DB6B013BF968096C01FB4A
:108A900003F31A44FB68DA60FB68FF2283F8442082
:108AA000FB68FF2283F845203B68002B14D1FB684C
:108AB0001B69002B1AD0FB681033184601F0FCF933
:108AC0000346002B12D00D4B4FF080521A60BFF3BB
:108AD0004F8FBFF36F8F09E0FB6810331846FFF725
:108AE000F1FEFB6824331846FFF7ECFE02F016F99E
:108AF000012318461037BD4680BD00BF04ED00E0DD
:108B000080B58EB002AFF860B9607A603B60FB68F8
:108B1000002B0BD14FF0500383F31188BFF36F8FFD
:108B2000BFF34F8FBB6200BF00BFFDE73B68002B68
:108B30000BD14FF0500383F31188BFF36F8FBFF356
:108B40004F8F7B6200BF00BFFDE77B68002B02D028
:108B5000BB68002B01D0012300E00023002B0BD1C8
:108B60004FF0500383F31188BFF36F8FBFF34F8F24
:108B70003B6200BF00BFFDE77B68002B02D1BB68F2
:108B8000002B01D1012300E00023002B0BD14FF07B
:108B9000500383F31188BFF36F8FBFF34F8FFB61D7
:108BA00000BF00BFFDE750237B617B69502B0BD0DA
:108BB0004FF0500383F31188BFF36F8FBFF34F8FD4
:108BC000BB6100BF00BFFDE73B68FB62FB6A002B97
:108BD0000DD0FB6A012283F8462097F83820FB6A03
:108BE000009313467A68B968F86800F044F8FB6AA5
:108BF00018463037BD4680BD80B58AB002AFF860F8
:108C0000B9601346FB71FB68002B0BD14FF050038A
:108C100083F31188BFF36F8FBFF34F8F3B6100BFAA
:108C200000BFFDE7BB68002B02D10023FB6104E01D
:108C3000FB68BA6802FB03F3FB61FB69503318461B
:108C400002F05CF9B861BB69002B0FD0BB695033EF
:108C50007B61BB69002283F84620FA79BB690093E7
:108C600013467A69B968F86800F005F8BB691846D8
:108C70002037BD4680BD80B584B000AFF860B960D4
:108C80007A60FB70BB68002B03D1BB69BA691A60BC
:108C900002E0BB697A681A60BB69FA68DA63BB698B
:108CA000BA681A640121B869FFF7C0FEBB69FA7897
:108CB00083F84C2000BF1037BD4680BD80B58EB014
:108CC00000AFF860B9607A603B6000237B63FB68AB
:108CD0003B633B6B002B0BD14FF0500383F31188A8
:108CE000BFF36F8FBFF34F8FBB6200BF00BFFDE7C5
:108CF000BB68002B03D13B6B1B6C002B01D1012304
:108D000000E00023002B0BD14FF0500383F31188B8
:108D1000BFF36F8FBFF34F8F7B6200BF00BFFDE7D4
:108D20003B68022B03D13B6BDB6B012B01D1012391
:108D300000E00023002B0BD14FF0500383F3118888
:108D4000BFF36F8FBFF34F8F3B6200BF00BFFDE7E4
:108D500001F07EFA0346002B02D17B68002B01D183
:108D6000012300E00023002B0BD14FF0500383F3CD
:108D70001188BFF36F8FBFF34F8FFB6100BF00BF40
:108D8000FDE701F099FF3B6B9A6B3B6BDB6B9A4203
:108D900002D33B68022B29D13A68B968386B00F0DE
:108DA0008FFAF8623B6B5B6A002B10D03B6B24336D
:108DB000184601F081F80346002B13D03F4B4FF0CB
:108DC00080521A60BFF34F8FBFF36F8F0AE0FB6AC8
:108DD000002B07D0394B4FF080521A60BFF34F8FF2
:108DE000BFF36F8F01F09AFF012363E07B68002BD4
:108DF00003D101F093FF00235CE07B6B002B06D1D5
:108E000007F11403184601F0BBF801237B6301F05E
:108E100085FF00F01DFE01F04FFF3B6B93F84430DF
:108E20005BB2B3F1FF3F03D13B6B002283F84420D8
:108E30003B6B93F845305BB2B3F1FF3F03D13B6B23
:108E4000002283F8452001F069FF3A1D07F1140361
:108E50001146184601F0AAF80346002B24D1386BBE
:108E600000F026FB0346002B18D03B6B10337A68CA
:108E70001146184600F0CEFF386B00F0B1FA00F052
:108E8000F5FD0346002B7FF47CAF0C4B4FF0805276
:108E90001A60BFF34F8FBFF36F8F72E7386B00F02C
:108EA0009FFA00F0E3FD6CE7386B00F099FA00F0F0
:108EB000DDFD002318463837BD4680BD04ED00E0D7
:108EC00080B58EB000AFF860B9607A603B60FB6837
:108ED0003B633B6B002B0BD14FF0500383F31188A6
:108EE000BFF36F8FBFF34F8F7B6200BF00BFFDE703
:108EF000BB68002B03D13B6B1B6C002B01D1012302
:108F000000E00023002B0BD14FF0500383F31188B6
:108F1000BFF36F8FBFF34F8F3B6200BF00BFFDE712
:108F20003B68022B03D13B6BDB6B012B01D101238F
:108F300000E00023002B0BD14FF0500383F3118886
:108F4000BFF36F8FBFF34F8FFB6100BF00BFFDE723
:108F500001F092FFEFF311824FF0500383F3118879
:108F6000BFF36F8FBFF34F8FBA617B61BB69FB6249
:108F70003B6B9A6B3B6BDB6B9A4202D33B68022BD9
:108F80002CD13B6B93F8453087F82B303A68B968A1
:108F9000386B00F095F997F92B30B3F1FF3F12D100
:108FA0003B6B5B6A002B16D03B6B2433184600F0FA
:108FB00083FF0346002B0ED07B68002B0BD07B6811
:108FC00001221A6007E097F82B300133DBB25AB266
:108FD0003B6B83F8452001237B6301E000237B6327
:108FE000FB6A3B613B6983F3118800BF7B6B1846CA
:108FF0003837BD4680BD000080B58CB000AFF8604A
:10900000B9607A600023FB62FB68BB62BB6A002B1D
:109010000BD14FF0500383F31188BFF36F8FBFF371
:109020004F8F3B6200BF00BFFDE7BB68002B03D141
:10903000BB6A1B6C002B01D1012300E00023002B35
:109040000BD14FF0500383F31188BFF36F8FBFF341
:109050004F8FFB6100BF00BFFDE701F0F9F8034649
:10906000002B02D17B68002B01D1012300E00023FB
:10907000002B0BD14FF0500383F31188BFF36F8F98
:10908000BFF34F8FBB6100BF00BFFDE701F014FECF
:10909000BB6A9B6B7B627B6A002B1FD0B968B86A86
:1090A00000F078F97B6A5A1EBB6A9A63BB6A1B6937
:1090B000002B0FD0BB6A1033184600F0FDFE0346AC
:1090C000002B07D03C4B4FF080521A60BFF34F8FFC
:1090D000BFF36F8F01F022FE012369E07B68002B54
:1090E00003D101F01BFE002362E0FB6A002B06D1D6
:1090F00007F11003184600F043FF0123FB6201F063
:109100000DFE00F0A5FC01F0D7FDBB6A93F84430DA
:109110005BB2B3F1FF3F03D1BB6A002283F8442066
:10912000BB6A93F845305BB2B3F1FF3F03D1BB6A32
:10913000002283F8452001F0F1FD3A1D07F11003EC
:109140001146184600F032FF0346002B23D1B86ABF
:1091500000F098F90346002B17D0BB6A24337A68D5
:109160001146184600F056FEB86A00F039F900F0D2
:109170007DFC0346002B89D10F4B4FF080521A60C3
:10918000BFF34F8FBFF36F8F80E7B86A00F028F905
:1091900000F06CFC7AE7B86A00F022F900F066FC97
:1091A000B86A00F06FF90346002B3FF46FAF00235D
:1091B00018463037BD4680BD04ED00E080B58EB066
:1091C00000AFF860B9607A60FB683B633B6B002BD3
:1091D0000BD14FF0500383F31188BFF36F8FBFF3B0
:1091E0004F8F3B6200BF00BFFDE7BB68002B03D180
:1091F0003B6B1B6C002B01D1012300E00023002BF3
:109200000BD14FF0500383F31188BFF36F8FBFF37F
:109210004F8FFB6100BF00BFFDE701F02DFEEFF3B4
:1092200011824FF0500383F31188BFF36F8FBFF3A8
:109230004F8FBA617B61BB69FB623B6B9B6BBB620F
:10924000BB6A002B2FD03B6B93F8443087F8273054
:10925000B968386B00F09EF8BB6A5A1E3B6B9A6384
:1092600097F92730B3F1FF3F12D13B6B1B69002BFD
:1092700016D03B6B1033184600F01EFE0346002B41
:109280000ED07B68002B0BD07B6801221A6007E0B0
:1092900097F827300133DBB25AB23B6B83F8442096
:1092A00001237B6301E000237B63FB6A3B613B6935
:1092B00083F3118800BF7B6B18463837BD4680BDED
:1092C00080B586B000AFF860B9607A6000237B613A
:1092D000FB689B6B3B61FB681B6C002B0DD1FB6833
:1092E0001B68002B4DD1FB685B68184600F0CEFF71
:1092F0007861FB6800225A6043E07B68002B19D13B
:10930000FB689868FB681B6C1A46B96802F05AF84B
:10931000FB689A68FB681B6C1A44FB689A60FB68E0
:109320009A68FB685B689A422BD3FB681A68FB68F3
:109330009A6026E0FB68D868FB681B6C1A46B9681F
:1093400002F040F8FB68DA68FB681B6C5B421A4469
:10935000FB68DA60FB68DA68FB681B689A4207D230
:10936000FB685A68FB681B6C5B421A44FB68DA6056
:109370007B68022B05D13B69002B02D03B69013B86
:109380003B613B695A1CFB689A637B691846183736
:10939000BD4680BD80B582B000AF786039607B6823
:1093A0001B6C002B18D07B68DA687B681B6C1A4436
:1093B0007B68DA607B68DA687B685B689A4203D313
:1093C0007B681A687B68DA607B68D9687B681B6C8D
:1093D0001A46386801F0F6FF00BF0837BD4680BD69
:1093E00080B584B000AF786001F066FC7B6893F8CC
:1093F0004530FB7311E07B685B6A002B12D07B6801
:109400002433184600F058FD0346002B01D000F02D
:1094100031FEFB7B013BDBB2FB7397F90F30002B76
:10942000E9DC00E000BF7B68FF2283F8452001F003
:1094300075FC01F041FC7B6893F84430BB7311E08C
:109440007B681B69002B12D07B681033184600F034
:1094500033FD0346002B01D000F00CFEBB7B013B2B
:10946000DBB2BB7397F90E30002BE9DC00E000BFE4
:109470007B68FF2283F8442001F050FC00BF1037C6
:10948000BD4680BD80B584B000AF786001F014FCAB
:109490007B689B6B002B02D10123FB6001E0002362
:1094A000FB6001F03BFCFB6818461037BD4680BDF1
:1094B00080B584B000AF786001F0FEFB7B689A6BEA
:1094C0007B68DB6B9A4202D10123FB6001E0002341
:1094D000FB6001F023FCFB6818461037BD4680BDD9
:1094E00080B485B000AF786039600023FB6014E081
:1094F0000F4AFB6852F83330002B0BD10C49FB6844
:109500003A6841F833200A4AFB68DB0013447A6862
:109510005A6006E0FB680133FB60FB68072BE7D964
:1095200000BF00BF1437BD465DF8047B704700BF25
:10953000240B002080B586B000AFF860B9607A6077
:10954000FB687B6101F0B8FB7B6993F844305BB248
:10955000B3F1FF3F03D17B69002283F844207B698C
:1095600093F845305BB2B3F1FF3F03D17B69002232
:1095700083F8452001F0D2FB7B699B6B002B06D161
:109580007B6924337A68B968184600F069FC786909
:10959000FFF726FF00BF1837BD4680BD80B58EB0EF
:1095A00004AFF860B9607A603B607B6B002B0BD135
:1095B0004FF0500383F31188BFF36F8FBFF34F8FCA
:1095C0003B6200BF00BFFDE7BB6B002B0BD14FF030
:1095D000500383F31188BFF36F8FBFF34F8FFB618D
:1095E00000BF00BFFDE7A8233B613B69A82B0BD060
:1095F0004FF0500383F31188BFF36F8FBFF34F8F8A
:10960000BB6100BF00BFFDE7BB6B002B1ED07B6BB7
:10961000002B1BD0BB6B7B627B6A7A6B1A637B6A05
:10962000022283F8A520002303937B6A029307F1AB
:10963000140301933B6B00933B687A68B968F86840
:1096400000F050F8786A00F0EDF801E000237B614B
:109650007B6918462837BD4680BD80B58CB004AF05
:10966000F860B9603B601346FB80FB889B0018469E
:1096700001F044FC78617B69002B0ED0A82001F03A
:109680003DFCF861FB69002B03D0FB697A691A6322
:1096900005E0786901F0FAFC01E00023FB61FB6959
:1096A000002B17D0FB69002283F8A520FA8800233D
:1096B0000393FB690293FB6A0193BB6A00933B68C7
:1096C000B968F86800F00EF8F86900F0ABF801230B
:1096D000BB6102E04FF0FF33BB61BB691846203726
:1096E000BD4680BD80B588B000AFF860B9607A60D3
:1096F0003B603B6B186B7B689B001A46A52101F011
:10970000DDFD3B6B1A6B7B6803F18043013B9B00E3
:109710001344BB61BB6923F00703BB61BB6903F062
:109720000703002B0BD04FF0500383F31188BFF3D6
:109730006F8FBFF34F8F7B6100BF00BFFDE700233A
:10974000FB6112E0BA68FB69134419783A6BFB6954
:10975000134434330A461A70BA68FB6913441B7801
:10976000002B06D0FB690133FB61FB690F2BE9D9A4
:1097700000E000BF3B6B002283F84320BB6A372B1D
:1097800001D93723BB623B6BBA6ADA623B6BBA6AB8
:10979000DA643B6B00221A653B6B04331846FFF713
:1097A000B1F83B6B18331846FFF7ACF83B6B3A6BDC
:1097B0001A61BB6AC3F138023B6B9A613B6B3A6B2F
:1097C0005A623B6B0022C3F8A0203B6B002283F857
:1097D000A4203B6B54334C220021184601F06EFD4F
:1097E0003B6B0D4A9A653B6B0C4ADA653B6B0C4A46
:1097F0001A663A68F968B86901F02CF902463B6BC1
:109800001A60FB6A002B02D0FB6A3A6B1A6000BF39
:109810002037BD4680BD00BFB01D0020181E0020AF
:10982000801E002080B582B000AF786001F044FA5D
:109830002D4B1B6801332C4A13602C4B1B68002BEB
:1098400009D12A4A7B681360274B1B68012B10D172
:1098500000F034FC0DE0264B1B68002B09D1234B94
:109860001B68DA6A7B68DB6A9A4202D81F4A7B6807
:109870001360204B1B6801331E4A13601D4B1A688E
:109880007B685A647B68DA6A1B4B1B689A4203D96F
:109890007B68DB6A184A13607B68DA6A13469B00B0
:1098A00013449B00154A1A447B680433194610463A
:1098B000FFF735F801F032FA0D4B1B68002B0ED084
:1098C0000A4B1B68DA6A7B68DB6A9A4207D20C4B48
:1098D0004FF080521A60BFF34F8FBFF36F8F00BFFE
:1098E0000837BD4680BD00BF38100020640B002043
:1098F000441000205410002040100020680B00206D
:1099000004ED00E080B584B000AF78600023FB6018
:109910007B68002B18D0144B1B68002B0BD04FF02A
:10992000500383F31188BFF36F8FBFF34F8FBB607A
:1099300000BF00BFFDE700F08BF80021786800F061
:1099400015FD00F093F8F860FB68002B07D1074B7A
:109950004FF080521A60BFF34F8FBFF36F8F00BF7D
:109960001037BD4680BD00BF6010002004ED00E050
:1099700080B58AB004AF0023BB6000237B603A4609
:10998000391D07F108031846FEF768FF39687B6840
:10999000BA68029201930023009300230A462449E7
:1099A0002448FFF7FBFD0346234A1360224B1B6844
:1099B000002B02D001237B6101E000237B617B69E6
:1099C000012B02D100F026FD78617B69012B1BD1B0
:1099D0004FF0500383F31188BFF36F8FBFF34F8FA6
:1099E0003B6100BF154B1B685433154A1360154B80
:1099F0004FF0FF321A60144B01221A60134B002201
:109A00001A6001F0B5F80FE07B69B3F1FF3F0BD1AD
:109A10004FF0500383F31188BFF36F8FBFF34F8F65
:109A2000FB6000BF00BFFDE700BF1837BD4680BD2B
:109A3000D8B400088DA000085C100020640B002042
:109A40001400002058100020441000203C1000207A
:109A500080B400AF044B1B680133034A136000BF9E
:109A6000BD465DF8047B70476010002080B584B06F
:109A700000AF0023FB600023BB60424B1B68002B40
:109A80000BD14FF0500383F31188BFF36F8FBFF3F7
:109A90004F8F3B6000BF00BFFDE701F00DF9394B70
:109AA0001B68013B374A1360364B1B68002B62D1A1
:109AB000354B1B68002B5ED02FE0344BDB68DB6836
:109AC000FB60FB6818331846FEF786FFFB6804331B
:109AD0001846FEF781FFFB68DA6A2D4B1B689A4235
:109AE00003D9FB68DB6A2A4A1360FB68DA6A13460B
:109AF0009B0013449B00274A1A44FB680433194611
:109B00001046FEF70CFFFB68DA6A234B1B68DB6A22
:109B10009A4202D3214B01221A601C4B1B68002B76
:109B2000CBD1FB68002B01D000F06CFB1C4B1B68F9
:109B30007B607B68002B10D000F046F80346002BBA
:109B400002D0164B01221A607B68013B7B607B6868
:109B5000002BF1D1124B00221A60104B1B68002B16
:109B600009D00123BB600F4B4FF080521A60BFF346
:109B70004F8FBFF36F8F01F0D1F8BB6818461037D5
:109B8000BD4680BD6010002038100020F80F002076
:109B900040100020680B0020640B00204C100020B7
:109BA0004810002004ED00E080B483B000AF054B06
:109BB0001B687B607B6818460C37BD465DF8047BEC
:109BC000704700BF3C10002080B586B000AF002376
:109BD0007B61524B1B68002B40F08F80504B1B6801
:109BE00001333B614E4A3B6913603B69002B21D135
:109BF0004C4B1B681B68002B0BD04FF0500383F3BA
:109C00001188BFF36F8FBFF34F8F3B6000BF00BF62
:109C1000FDE7444B1B68FB60434B1B68414A1360E4
:109C2000414AFB681360414B1B6801333F4A136094
:109C300000F0E8FA3E4B1B683A699A424ED3394B22
:109C40001B681B68002B01D1012300E00023002BBF
:109C500004D0374B4FF0FF321A603FE0314B1B68A6
:109C6000DB68DB68BB60BB685B687B603A697B680C
:109C70009A4203D22E4A7B6813602FE0BB680433FC
:109C80001846FEF7A9FEBB689B6A002B04D0BB6890
:109C900018331846FEF7A0FEBB68DA6A254B1B682E
:109CA0009A4203D9BB68DB6A224A1360BB68DA6A4E
:109CB00013469B0013449B001F4A1A44BB6804339D
:109CC00019461046FEF72BFEBB68DA6A1B4B1B6871
:109CD000DB6A9A42B3D301237B61B0E7174B1B6861
:109CE000DA6A154913469B0013449B000B441B681A
:109CF000012B07D901237B6104E0114B1B68013361
:109D00000F4A13600F4B1B68002B01D001237B61AE
:109D10007B6918461837BD4680BD00BF6010002023
:109D20003C100020F00F0020F40F00205010002005
:109D30005810002040100020680B0020640B002009
:109D4000481000204C10002080B485B000AF2B4B91
:109D50001B68002B03D02A4B01221A6047E0284BD6
:109D600000221A60274B1B68FB6011E0FB68002B88
:109D70000BD14FF0500383F31188BFF36F8FBFF304
:109D80004F8F7B6000BF00BFFDE7FB68013BFB60BE
:109D90001D49FA6813469B0013449B000B441B6843
:109DA000002BE3D0FA6813469B0013449B00164A2D
:109DB0001344BB60BB685B685A68BB685A60BB6889
:109DC0005A68BB6808339A4204D1BB685B685A681A
:109DD000BB685A60BB685B68DB680C4A1360094A61
:109DE000FB681360094B1B685433094A136000BFBA
:109DF0001437BD465DF8047B704700BF601000203B
:109E00004C10002040100020680B0020640B002044
:109E10001400002080B584B000AF786039607B68A2
:109E2000002B0BD14FF0500383F31188BFF36F8FDA
:109E3000BFF34F8FFB6000BF00BFFDE7074B1B6800
:109E4000183319467868FEF78EFD0121386800F056
:109E50008DFA00BF1037BD4680BD00BF640B0020E7
:109E600080B586B000AFF860B9607A60FB68002BFF
:109E70000BD14FF0500383F31188BFF36F8FBFF303
:109E80004F8F7B6100BF00BFFDE70A4B1B68183393
:109E90001946F868FEF743FD7B68002B02D04FF0AF
:109EA000FF33BB607968B86800F060FA00BF18370C
:109EB000BD4680BD640B002080B586B000AF7860E1
:109EC0007B68DB68DB683B613B69002B0BD14FF0A3
:109ED000500383F31188BFF36F8FBFF34F8FFB6085
:109EE00000BF00BFFDE73B6918331846FEF774FD5D
:109EF0001D4B1B68002B1DD13B6904331846FEF730
:109F00006BFD3B69DA6A194B1B689A4203D93B69BE
:109F1000DB6A164A13603B69DA6A13469B001344F6
:109F20009B00134A1A443B69043319461046FEF756
:109F3000F6FC05E03B69183319460E48FEF7EFFCC6
:109F40003B69DA6A0C4B1B68DB6A9A4205D901232C
:109F50007B610A4B01221A6001E000237B617B696F
:109F600018461837BD4680BD601000204010002004
:109F7000680B0020F80F0020640B00204C1000201C
:109F800080B483B000AF7860064B1A687B681A60B3
:109F9000054B1A687B685A6000BF0C37BD465DF8F8
:109FA000047B7047501000203C10002080B588B022
:109FB00000AF786039607B68002B0BD14FF0500305
:109FC00083F31188BFF36F8FBFF34F8F3B6100BFE7
:109FD00000BFFDE73B68002B0BD14FF0500383F32C
:109FE0001188BFF36F8FBFF34F8FFB6000BF00BFBF
:109FF000FDE700F061FE1D4B1B68BB617B685B6881
:10A00000BA69D31A7B613B681B68B3F1FF3F02D189
:10A010000023FB6123E07B681A68154B1B689A429A
:10A0200007D07B685B68BA699A4202D30123FB615F
:10A0300015E03B681B687A699A420BD23B681A6844
:10A040007B69D21A3B681A607868FFF799FF002392
:10A05000FB6104E03B6800221A600123FB6100F011
:10A060005DFEFB6918462037BD4680BD3C100020D0
:10A070005010002080B400AF034B01221A6000BFD3
:10A08000BD465DF8047B70474C10002080B582B05F
:10A0900000AF786000F052F8064B1B68012BF9D92D
:10A0A000054B4FF080521A60BFF34F8FBFF36F8F95
:10A0B000F0E700BF680B002004ED00E080B582B03F
:10A0C00000AF00237B600CE07A6813469B001344CA
:10A0D0009B00124A13441846FEF7F4FB7B680133D9
:10A0E0007B607B68372BEFD90D48FEF7EBFB0D4803
:10A0F000FEF7E8FB0C48FEF7E5FB0C48FEF7E2FB39
:10A100000B48FEF7DFFB0B4B054A1A600A4B054A6A
:10A110001A6000BF0837BD4680BD00BF680B002035
:10A12000C80F0020DC0F0020F80F00200C100020CA
:10A1300024100020F00F0020F40F002080B582B022
:10A1400000AF19E000F0B8FD104BDB68DB687B6006
:10A150007B6804331846FEF73FFC0D4B1B68013B40
:10A160000B4A13600B4B1B68013B0A4A136000F05B
:10A17000D5FD786800F010F8064B1B68002BE1D184
:10A1800000BF00BF0837BD4680BD00BF0C100020D7
:10A19000381000202010002080B584B000AF786017
:10A1A0007B685433184601F091F87B6893F8A5302A
:10A1B000002B08D17B681B6B184600F067FF78689E
:10A1C00000F064FF19E07B6893F8A530012B03D100
:10A1D000786800F05BFF10E07B6893F8A530022BF5
:10A1E0000BD04FF0500383F31188BFF36F8FBFF391
:10A1F0004F8FFB6000BF00BFFDE700BF1037BD46BB
:10A2000080BD000080B483B000AF0F4B1B681B689B
:10A21000002B01D1012300E00023002B04D00B4BC5
:10A220004FF0FF321A6008E0074B1B68DB68DB6801
:10A230007B607B685B68054A136000BF0C37BD46D6
:10A240005DF8047B704700BFF00F0020581000201D
:10A2500080B483B000AF0B4B1B68002B02D10123ED
:10A260007B6008E0084B1B68002B02D102237B6057
:10A2700001E000237B607B6818460C37BD465DF823
:10A28000047B7047441000206010002080B586B029
:10A2900000AF78607B683B6100237B617B68002BAB
:10A2A00058D02F4B1B683A699A420BD04FF050039D
:10A2B00083F31188BFF36F8FBFF34F8FFB6000BF35
:10A2C00000BFFDE73B691B6D002B0BD14FF0500326
:10A2D00083F31188BFF36F8FBFF34F8FBB6000BF55
:10A2E00000BFFDE73B691B6D5A1E3B691A653B6960
:10A2F000DA6A3B69DB6C9A422CD03B691B6D002B00
:10A3000028D13B6904331846FEF766FB3B69DA6CDB
:10A310003B69DA623B69DB6AC3F138023B699A61E7
:10A320003B69DA6A0F4B1B689A4203D93B69DB6AC7
:10A330000C4A13603B69DA6A13469B0013449B0086
:10A34000094A1A443B69043319461046FEF7E7FAF6
:10A3500001237B617B6918461837BD4680BD00BF6D
:10A36000640B002040100020680B002080B584B0F2
:10A3700000AF78603960214B1B68FB60204B1B6885
:10A3800004331846FEF728FB7B68B3F1FF3F0AD180
:10A390003B68002B07D01A4B1B6804331946194839
:10A3A000FEF7BDFA26E0FA687B681344BB60144BE5
:10A3B0001B68BA685A60BA68FB689A4209D2124BA5
:10A3C0001A680F4B1B68043319461046FEF7CBFA88
:10A3D00010E00E4B1A680A4B1B68043319461046EE
:10A3E000FEF7C1FA0A4B1B68BA689A4202D2084AC1
:10A3F000BB68136000BF1037BD4680BD3C10002015
:10A40000640B002024100020F40F0020F00F002027
:10A410005810002080B58AB004AF00237B6100F0A3
:10A42000D9FA1D4B1B68002B21D00023FB600023B1
:10A43000BB603A1D07F1080107F10C031846FEF74F
:10A4400027FA7968BB68FA680292019302230093A5
:10A4500000230A4611491248FFF7A0F80346114AA3
:10A460001360104B1B68002B01D001237B617B69BB
:10A47000002B0BD14FF0500383F31188BFF36F8F84
:10A48000BFF34F8F3B6100BF00BFFDE77B691846FC
:10A490001837BD4680BD00BF94100020E0B400080E
:10A4A000C9A500089810002080B58AB000AFF860F8
:10A4B000B9607A603B6000237B62FB68002B0BD1A4
:10A4C0004FF0500383F31188BFF36F8FBFF34F8FAB
:10A4D0003B6200BF00BFFDE7194B1B68002B2AD071
:10A4E000BB683B617B687B61FB68BB61BB68052B1C
:10A4F00018DCFFF7ADFE0346022B09D1104B18689C
:10A5000007F1100100233A6BFEF7D8FB786212E0E6
:10A510000B4B186807F1100100230022FEF7CEFB59
:10A52000786208E0064B186807F1100100233A68CA
:10A53000FEF7C6FC78627B6A18462837BD4680BDA8
:10A540009410002080B588B002AF786039601D4B50
:10A550001B68DB68DB687B617B6904331846FEF7A8
:10A560003BFA7B69DB69012B23D17B699A697B68A4
:10A57000D1187B683A68786900F0CCF80346002B64
:10A5800017D00023009300237A6800217869FFF731
:10A590008BFF38613B69002B0BD14FF0500383F3E5
:10A5A0001188BFF36F8FBFF34F8FFB6000BF00BFF9
:10A5B000FDE77B695B6A7869984700BF1837BD463D
:10A5C00080BD00BF8C10002080B584B000AF7860E3
:10A5D00007F10803184600F059F8F860BB681946FF
:10A5E000F86800F005F800F0D7F800BFF0E70000C9
:10A5F00080B584B000AF78603960FFF729FA07F1C1
:10A600000803184600F066F8F860BB68002B30D1EC
:10A610003B68002B0AD17A68FB689A4206D8FFF79C
:10A6200025FAF9687868FFF78DFF24E03B68002B76
:10A6300008D0134B1B681B68002B0CBF01230023A1
:10A64000DBB23B600F4B18687A68FB68D31A3A6834
:10A650001946FEF76FFFFFF709FA0346002B0AD1F0
:10A66000094B4FF080521A60BFF34F8FBFF36F8FCB
:10A6700001E0FFF7FBF900BF1037BD4680BD00BF0A
:10A68000901000209410002004ED00E080B485B00C
:10A6900000AF78600E4B1B681B68002B0CBF0123BA
:10A6A0000023DBB21A467B681A607B681B68002BAC
:10A6B00005D1074B1B68DB681B68FB6001E00023CA
:10A6C000FB60FB6818461437BD465DF8047B704795
:10A6D0008C10002080B584B000AF7860FFF764FA7A
:10A6E000F8600B4B1B68FA689A4205D200F010F92B
:10A6F0007B6801221A6002E07B6800221A60044A2B
:10A70000FB681360FB6818461037BD4680BD00BF6C
:10A710009C10002080B586B000AFF860B9607A6008
:10A720003B6000237B61FB68BA685A60FB68FA688B
:10A730001A61BA687B689A4212D87A683B68D21A62
:10A74000FB689B699A4202D301237B611BE0104B9B
:10A750001A68FB68043319461046FEF704F912E044
:10A760007A683B689A4206D2BA683B689A4202D33A
:10A7700001237B6107E0074B1A68FB680433194625
:10A780001046FEF7F0F87B6918461837BD4680BDC5
:10A79000901000208C10002080B58EB002AFA5E094
:10A7A0007B68002B19DA3B1D0433FB62FB6A002B2C
:10A7B0000BD14FF0500383F31188BFF36F8FBFF3BA
:10A7C0004F8FFB6100BF00BFFDE7FB6A1B68FA6AA1
:10A7D0005068FA6A9268114698477B68002BC0F26D
:10A7E0008580FB68BB62BB6A5B69002B04D0BB6AD7
:10A7F00004331846FEF7F0F83B461846FFF76AFFA9
:10A8000078627B68092B6CD801A252F823F000BF54
:10A8100039A8000839A8000839A80008E3A80008EA
:10A8200097A80008D1A8000839A8000839A800088E
:10A83000E3A8000897A80008BA68BB6A9B69D1180A
:10A84000BB687A6AB86AFFF765FF0346002B4AD0F7
:10A85000BB6A5B6AB86A9847BB6ADB69012B42D165
:10A86000BA68BB6A9B691A44002300930023002145
:10A87000B86AFFF719FE38623B6A002B33D14FF0FC
:10A88000500383F31188BFF36F8FBFF34F8FBB610A
:10A8900000BF00BFFDE7BA68BB6A9A61BB6A9B69EB
:10A8A000002B0BD14FF0500383F31188BFF36F8F50
:10A8B000BFF34F8F7B6100BF00BFFDE7BB6A9A69A2
:10A8C0007B6AD1187B6A7A6AB86AFFF723FF0DE0CA
:10A8D000BB6A93F82C30002B07D1B86A00F0D6FB86
:10A8E00003E000BF02E000BF00E000BF074B1B68B1
:10A8F000391D00221846FEF77FFB0346002B7FF42C
:10A900004FAF00BF00BF3037BD4680BD9410002060
:10A9100080B588B002AF46E02C4B1B68DB681B6833
:10A920003B612A4B1B68DB68DB68FB60FB68043318
:10A930001846FEF751F8FB685B6AF8689847FB68B1
:10A94000DB69012B2FD1FB689B693A691344BB601B
:10A95000BA683B699A420ED9FB68BA685A60FB68CC
:10A96000FA681A61194B1A68FB68043319461046D5
:10A97000FDF7F9FF17E00023009300233A69002157
:10A98000F868FFF791FD78607B68002B0BD14FF0E2
:10A99000500383F31188BFF36F8FBFF34F8F3B607A
:10A9A00000BF00BFFDE7094B1B681B68002BB3D13C
:10A9B000064B1B687B61064B1B68044A1360044A04
:10A9C0007B69136000BF1837BD4680BD8C10002026
:10A9D0009010002080B582B002AF00F06DF9154BE9
:10A9E0001B68002B20D11448FDF76CFF1348FDF7BE
:10A9F00069FF134B104A1A60124B104A1A60002369
:10AA00000093114B114A10210A20FEF779F80346F2
:10AA1000084A1360074B1B68002B05D0054B1B68C9
:10AA20000B491846FEF75CFD00F078F900BFBD4603
:10AA300080BD00BF9410002064100020781000201A
:10AA40008C1000209010002040110020A010002049
:10AA5000E8B4000880B485B000AFF860B9607A60EF
:10AA6000FB68043BFB60FB684FF080721A60FB6878
:10AA7000043BFB60BB6823F00102FB681A60FB68C3
:10AA8000043BFB600C4AFB681A60FB68143BFB60EC
:10AA90007A68FB681A60FB68043BFB60FB686FF038
:10AAA00002021A60FB68203BFB60FB681846143703
:10AAB000BD465DF8047B7047BDAA000880B485B030
:10AAC00000AF00237B60134B1B68B3F1FF3F0BD03B
:10AAD0004FF0500383F31188BFF36F8FBFF34F8F95
:10AAE000FB6000BF00BFFDE74FF0500383F3118808
:10AAF000BFF36F8FBFF34F8FBB6000BF00BF7B689A
:10AB0000002BFCD000BF00BF1437BD465DF8047BAE
:10AB1000704700BF1000002000000000000000008F
:10AB2000074B19680868B0E8F04F80F30988BFF355
:10AB30006F8F4FF0000080F311887047AFF30080F3
:10AB4000640B002000BF00BF08480068006880F365
:10AB500008884FF0000080F3148862B661B6BFF336
:10AB60004F8FBFF36F8F00DF00BF00BF08ED00E025
:10AB700080B586B000AF474B1B68474A93420BD164
:10AB80004FF0500383F31188BFF36F8FBFF34F8FE4
:10AB90003B6100BF00BFFDE73E4B1B683F4A93424D
:10ABA0000BD14FF0500383F31188BFF36F8FBFF3C6
:10ABB0004F8FFB6000BF00BFFDE7394B7B617B69B6
:10ABC0001B78DBB27B607B69FF221A707B691B7884
:10ABD000DBB2FB70FB78DBB203F05003DAB2314B2F
:10ABE0001A70314B07221A6009E02F4B1B68013B9A
:10ABF0002D4A1360FB78DBB25B00DBB2FB70FB78A5
:10AC0000DBB203F08003802BEFD0274B1B68C3F12E
:10AC10000703042B0BD04FF0500383F31188BFF3CD
:10AC20006F8FBFF34F8FBB6000BF00BFFDE71E4BB0
:10AC30001B681B021C4A13601B4B1B6803F4E06378
:10AC4000194A13607B68DAB27B691A70174B1B686C
:10AC5000164A43F470031360144B1B68134A43F005
:10AC60007043136000F0DAF8114B00221A6000F014
:10AC7000F9F8104B1B680F4A43F040431360FFF78D
:10AC800063FFFFF761F8FFF719FF00231846183735
:10AC9000BD4680BD00ED00E071C20F4170C20F41A2
:10ACA00000E400E0901100209411002020ED00E06D
:10ACB0001000002034EF00E080B483B000AF4FF00C
:10ACC000500383F31188BFF36F8FBFF34F8F7B6007
:10ACD00000BF104B1B6801330E4A13600D4B1B68FD
:10ACE000012B10D10C4B1B68DBB2002B0BD04FF0AB
:10ACF000500383F31188BFF36F8FBFF34F8F3B6017
:10AD000000BF00BFFDE700BF0C37BD465DF8047B08
:10AD1000704700BF1000002004ED00E080B483B055
:10AD200000AF124B1B68002B0BD14FF0500383F385
:10AD30001188BFF36F8FBFF34F8F7B6000BF00BFE1
:10AD4000FDE70A4B1B68013B084A1360074B1B6871
:10AD5000002B05D100233B603B6883F3118800BFC3
:10AD600000BF0C37BD465DF8047B70471000002023
:10AD7000EFF30980BFF36F8F154B1A681EF0100FA9
:10AD800008BF20ED108A20E9F04F10602DE909007E
:10AD90004FF0500080F31188BFF34F8FBFF36F8FD8
:10ADA000FEF7D2FF4FF0000080F3118809BC19684C
:10ADB0000868B0E8F04F1EF0100F08BFB0EC108A22
:10ADC00080F30988BFF36F8F704700BFAFF3008037
:10ADD000640B002000BF00BF80B582B000AF4FF011
:10ADE000500383F31188BFF36F8FBFF34F8F7B60E6
:10ADF00000BFFEF7E9FE0346002B03D0064B4FF0E1
:10AE000080521A6000233B603B6883F3118800BFC7
:10AE100000BF0837BD4680BD04ED00E080B400AF40
:10AE20000B4B00221A600B4B00221A600A4B1B6866
:10AE30000A4AA2FB03239B09094A013B1360044B06
:10AE400007221A6000BFBD465DF8047B704700BF53
:10AE500010E000E018E000E004000020D34D621094
:10AE600014E000E0DFF80C00016841F470010160BB
:10AE7000704700BF88ED00E080B485B000AFEFF30D
:10AE80000583FB60FB680F2B15D9184AFB68134438
:10AE90001B78FB72164B1B78FA7A9A420BD24FF052
:10AEA000500383F31188BFF36F8FBFF34F8F7B6025
:10AEB00000BF00BFFDE70F4B1B6803F4E0620E4BC1
:10AEC0001B689A420BD94FF0500383F31188BFF3EC
:10AED0006F8FBFF34F8F3B6000BF00BFFDE700BF28
:10AEE0001437BD465DF8047B704700BFF0E300E017
:10AEF000901100200CED00E09411002080B58AB084
:10AF000000AF78600023FB61FEF7A2FD5A4B1B687F
:10AF1000002B01D100F016F9584B1A687B681340DA
:10AF2000002B40F090807B68002B1ED008227B68AD
:10AF300013447B607B6803F00703002B15D07B680C
:10AF400023F0070308337B607B6803F00703002BC3
:10AF50000BD04FF0500383F31188BFF36F8FBFF313
:10AF60004F8F7B6100BF00BFFDE77B68002B6AD07D
:10AF7000434B1B687A689A4265D8424B3B62414B0F
:10AF80001B687B6204E07B6A3B627B6A1B687B62B6
:10AF90007B6A5B687A689A4203D97B6A1B68002BDC
:10AFA000F1D1354B1B687A6A9A424CD03B6A1B68D8
:10AFB00008221344FB617B6A1A683B6A1A607B6A49
:10AFC0005A687B68D21A08235B009A4220D97A6AB1
:10AFD0007B681344BB61BB6903F00703002B0BD0F4
:10AFE0004FF0500383F31188BFF36F8FBFF34F8F80
:10AFF0003B6100BF00BFFDE77B6A5A687B68D21ADD
:10B00000BB695A607B6A7A685A60B86900F0FCF8DC
:10B010001B4B1A687B6A5B68D31A194A1360184B7A
:10B020001A68194B1B689A4203D2154B1B68164AC3
:10B0300013607B6A5A68114B1B681A437B6A5A601B
:10B040007B6A00221A60FEF711FDFB6903F007031B
:10B05000002B0BD04FF0500383F31188BFF36F8F99
:10B06000BFF34F8FFB6000BF00BFFDE7FB691846D1
:10B070002837BD4680BD00BFA01D0020AC1D0020AC
:10B08000A41D0020981D0020A81D002080B586B0BA
:10B0900000AF78607B687B617B68002B4AD0082317
:10B0A0005B427A6913447B617B693B613B695A6807
:10B0B000224B1B681340002B0BD14FF0500383F33E
:10B0C0001188BFF36F8FBFF34F8FFB6000BF00BFCE
:10B0D000FDE73B691B68002B0BD04FF0500383F357
:10B0E0001188BFF36F8FBFF34F8FBB6000BF00BFEE
:10B0F000FDE73B695A68114B1B681340002B19D0C0
:10B100003B691B68002B15D13B695A680B4B1B68C8
:10B11000DB431A403B695A60FEF79AFC3B695A6868
:10B12000074B1B681344064A1360386900F06CF83B
:10B13000FEF79CFC00BF1837BD4680BDAC1D00204B
:10B14000A41D002080B485B000AF4FF44063BB6005
:10B15000274BFB60FB6803F00703002B0CD0FB6858
:10B160000733FB60FB6823F00703FB60BA68FB68EA
:10B17000D31A1F4A1344BB60FB687B601D4A7B687F
:10B1800013601C4B00225A607B68BA681344FB6052
:10B190000822FB689B1AFB60FB6823F00703FB6037
:10B1A000FB68154A1360144B1B6800225A60124B4F
:10B1B0001B6800221A607B683B603B68FA68D21A01
:10B1C0003B685A600C4B1A683B681A603B685B68C6
:10B1D0000A4A13603B685B68094A1360094B4FF0E9
:10B1E00000421A6000BF1437BD465DF8047B70470B
:10B1F00098110020981D0020A01D0020A81D0020EF
:10B20000A41D0020AC1D002080B485B000AF786084
:10B21000284BFB6002E0FB681B68FB60FB681B6857
:10B220007A689A42F7D8FB68BB60FB685B68BA68CB
:10B2300013447A689A4208D1FB685A687B685B6855
:10B240001A44FB685A60FB687B607B68BB607B6864
:10B250005B68BA681A44FB681B689A4218D1FB689D
:10B260001A68154B1B689A420DD07B685A68FB68B8
:10B270001B685B681A447B685A60FB681B681A6825
:10B280007B681A6008E00C4B1A687B681A6003E060
:10B29000FB681A687B681A60FA687B689A4202D079
:10B2A000FB687A681A6000BF1437BD465DF8047BFE
:10B2B000704700BF981D0020A01D002002440346D7
:10B2C000934200D1704703F8011BF9E7294B1B6833
:10B2D000834270B504464BD0C369ABB1DB686BB138
:10B2E0000025E369DB68595900293BD10435802DDD
:10B2F000F7D1E3692046D96800F072F8E36919686C
:10B3000011B1204600F06CF8616911B1204600F0DF
:10B3100067F8E16911B1204600F062F8216B11B1C4
:10B32000204600F05DF8616B11B1204600F058F83E
:10B33000A16B11B1204600F053F8A16C11B1204669
:10B3400000F04EF8616C11B1204600F049F8E16A56
:10B3500011B1204600F044F8236A4BB12046BDE805
:10B36000704018470E68204600F03AF83146BBE7B7
:10B3700070BD00BF1400002070B50D4D0D4C641B56
:10B38000A4100026A64209D10B4D0C4C00F07EF80B
:10B39000641BA4100026A64205D170BD55F8043BDD
:10B3A00098470136EEE755F8043B98470136F2E737
:10B3B000ACB50008ACB50008ACB50008B0B50008E5
:10B3C000704770470A44914200F1FF3300D1704743
:10B3D00010B511F8014B03F8014F9142F9D110BD9E
:10B3E00038B50546002941D051F8043C0C1F002B0C
:10B3F000B8BFE41800F03EF81D4A136833B9636023
:10B4000014602846BDE8384000F03AB8A34208D995
:10B41000206821188B4201BF19685B6809182160F8
:10B42000EDE71A465B680BB1A342FAD911685018D0
:10B43000A0420BD120680144501883421160E0D132
:10B4400018685B68536008441060DAE702D90C237F
:10B450002B60D6E7206821188B4204BF19685B680F
:10B46000636004BF091821605460CAE738BD00BF9B
:10B47000EC1E00200148FFF7A3BF00BFE81E00201C
:10B480000148FFF79EBF00BFE81E0020F8B500BFCF
:10B49000F8BC08BC9E467047F8B500BFF8BC08BCB5
:04B4A0009E4670470D
:10B4A4006C6F6767696E675461736B00706F6C6C67
:10B4B400696E675461736B007265616C54696D6584
:10B4C4005461736B0000000063616E5175657565AE
:10B4D4000000000049444C4500000000546D7220F7
:10B4E40053766300546D725100000000A4B4000848
:10B4F4000000000000000000000000000000000048
:10B50400000200000800000000000000000000002D
:10B51400B0B40008000000000000000000000000BB
:10B5240000000000000200001800000000000000FD
:10B5340000000000BCB4000800000000000000008F
:10B5440000000000000000000002000030000000C5
:10B554000000000000000000CCB40008000000005F
:10B5640000000000000000000000000000000000D7
:10B57400000000000000000001020304060708099F
:10B584000000000001020304020304050607080981
:10B594000A0B0C0D0E0F1010010203040506070818
:08B5A400090A0B0C0D0E0F103B
:04B5AC00B5010008DD
:04B5B00091010008FD
:10B5B4000100000000127A001000000001000000E9
:10B5C400AAAAAAAA1800002000000000B01D0020AA
:10B5D400181E0020801E0020000000000000000053
:10B5E4000000000000000000000000000000000057
:10B5F4000000000000000000000000000000000047
:10B604000000000000000000000000000000000036
:04B614000000000032
:04000005080019F1E5
:00000001FF
